id,full_name,web_name,team_name,position,price_m,total_points,form,points_per_game,minutes,goals_scored,assists,clean_sheets,bonus,selected_by_percent,ict_index,status,chance_of_playing_next_round,points_per_million,form_per_million,value_score
1,David Raya Martín,Raya,Arsenal,GKP,6.1,30,6.0,6.0,450,0,0,3,3,42.3,10.6,a,,4.92,0.98,0.941
2,Kepa Arrizabalaga Revuelta,Arrizabalaga,Arsenal,GKP,4.9,0,0.0,0.0,0,0,0,0,0,0.1,0.0,a,,0.0,0.0,0.212
3,Illan Meslier,Meslier,Arsenal,GKP,4.9,0,0.0,0.0,0,0,0,0,0,0.0,0.0,a,,0.0,0.0,0.212
4,Gabriel dos Santos Magalhães,Gabriel,Arsenal,DEF,8.0,25,4.0,5.0,450,0,0,3,2,22.7,20.0,a,,3.12,0.5,0.833
5,Jurriën Timber,J.Timber,Arsenal,DEF,6.5,1,0.3,0.5,104,0,0,0,0,0.4,1.5,a,100.0,0.15,0.05,0.421
6,William Saliba,Saliba,Arsenal,DEF,5.9,0,0.0,0.0,0,0,0,0,0,0.2,0.0,i,0.0,0.0,0.0,0.212
7,Myles Lewis-Skelly,Lewis-Skelly,Arsenal,MID,5.4,9,1.0,2.2,271,0,0,2,0,0.6,7.0,a,,1.67,0.19,0.667
8,Riccardo Calafiori,Calafiori,Arsenal,DEF,5.9,29,3.0,5.8,416,0,2,3,2,50.5,19.1,a,,4.92,0.51,0.894
9,Piero Hincapié,Hincapie,Arsenal,DEF,5.2,2,0.3,1.0,32,0,0,0,0,0.9,1.0,a,,0.38,0.06,0.477
10,Benjamin White,White,Arsenal,DEF,5.5,21,1.0,5.2,315,0,1,2,3,4.8,15.2,d,75.0,3.82,0.18,0.789
11,Cristhian Mosquera,Mosquera,Arsenal,DEF,5.3,12,0.0,6.0,168,0,0,2,0,1.6,2.7,a,100.0,2.26,0.0,0.559
12,Bukayo Saka,Saka,Arsenal,MID,9.6,32,4.0,6.4,416,3,0,3,4,14.1,52.1,a,,3.33,0.42,0.83
13,Declan Rice,Rice,Arsenal,MID,7.4,20,4.0,4.0,411,0,2,3,0,11.5,23.4,d,75.0,2.7,0.54,0.814
14,Eberechi Eze,Eze,Arsenal,MID,6.2,4,0.7,1.0,85,0,0,0,0,1.0,1.6,a,,0.65,0.11,0.554
15,Martin Ødegaard,Ødegaard,Arsenal,MID,6.8,29,5.0,5.8,377,2,0,3,6,19.8,36.2,a,,4.26,0.74,0.905
16,Noni Madueke,Madueke,Arsenal,MID,6.2,2,0.3,1.0,23,0,0,0,0,0.2,5.6,a,,0.32,0.05,0.463
17,Mikel Merino Zazón,Merino,Arsenal,MID,5.7,4,0.7,0.8,81,0,0,0,0,0.4,3.0,a,,0.7,0.12,0.573
18,Gabriel Martinelli Silva,Martinelli,Arsenal,MID,6.3,0,0.0,0.0,0,0,0,0,0,0.1,0.0,u,0.0,0.0,0.0,0.212
19,Martín Zubimendi Ibáñez,Zubimendi,Arsenal,MID,5.3,5,1.0,1.0,89,0,0,0,0,0.6,4.8,a,,0.94,0.19,0.61
20,Max Dowman,Dowman,Arsenal,MID,5.3,1,0.3,1.0,9,0,0,0,0,0.1,1.7,d,75.0,0.19,0.06,0.431
22,Ethan Nwaneri,Nwaneri,Arsenal,MID,5.4,0,0.0,0.0,0,0,0,0,0,0.0,0.0,u,0.0,0.0,0.0,0.212
23,Fábio Ferreira Vieira,Fábio Vieira,Arsenal,MID,5.5,0,0.0,0.0,0,0,0,0,0,0.0,0.0,u,0.0,0.0,0.0,0.212
24,Reiss Nelson,Nelson,Arsenal,MID,5.5,0,0.0,0.0,0,0,0,0,0,0.0,0.0,u,0.0,0.0,0.0,0.212
25,Viktor Gyökeres,Gyökeres,Arsenal,FWD,7.1,2,0.7,1.0,29,0,0,0,0,3.2,1.4,a,,0.28,0.1,0.486
26,Kai Havertz,Havertz,Arsenal,FWD,7.6,19,3.7,3.8,437,2,0,3,2,8.1,32.6,d,75.0,2.5,0.49,0.789
27,Gabriel Fernando de Jesus,G.Jesus,Arsenal,FWD,5.9,0,0.0,0.0,0,0,0,0,0,0.1,0.0,u,0.0,0.0,0.0,0.212
31,Ezri Konsa Ngoyo,Konsa,Arsenal,DEF,4.6,12,3.7,3.0,281,0,0,1,0,19.3,7.3,d,75.0,2.61,0.8,0.839
452,Bruno Guimarães Rodriguez Moura,Bruno G.,Arsenal,MID,6.7,9,2.7,3.0,123,1,0,0,1,1.8,6.6,a,100.0,1.34,0.4,0.687
557,Christos Tzolis,Tzolis,Arsenal,MID,6.3,16,3.3,3.2,362,0,2,2,1,11.9,21.8,d,75.0,2.54,0.52,0.801
29,Marco Bizot,M.Bizot,Aston Villa,GKP,4.5,1,0.0,1.0,90,0,0,0,0,0.1,2.8,i,0.0,0.22,0.0,0.351
30,Lucas Digne,Digne,Aston Villa,DEF,4.5,0,0.0,0.0,0,0,0,0,0,0.0,0.0,u,0.0,0.0,0.0,0.212
32,Matty Cash,Cash,Aston Villa,DEF,4.4,6,-0.5,1.5,296,0,0,1,0,4.8,7.2,a,100.0,1.36,-0.11,0.389
33,Tyrone Mings,Mings,Aston Villa,DEF,4.5,10,1.5,2.5,261,0,0,1,0,0.4,8.2,a,,2.22,0.33,0.735
34,Pau Torres,Pau,Aston Villa,DEF,4.4,3,0.5,1.0,187,0,0,0,0,0.3,1.5,i,0.0,0.68,0.11,0.561
35,Lamare Bogarde,Bogarde,Aston Villa,MID,4.9,1,0.0,1.0,16,0,0,0,0,0.1,0.3,a,,0.2,0.0,0.34
36,Ian Maatsen,Maatsen,Aston Villa,DEF,4.4,9,0.5,2.2,335,0,0,1,1,0.5,10.2,i,0.0,2.05,0.11,0.67
37,Victor Lindelöf,Lindelöf,Aston Villa,DEF,4.5,8,1.0,1.6,450,0,0,1,0,0.3,14.9,a,,1.78,0.22,0.684
38,Andrés García,A.García,Aston Villa,DEF,4.0,0,0.0,0.0,0,0,0,0,0,1.5,0.0,a,,0.0,0.0,0.212
39,Kosta Nedeljkovic,Nedeljkovic,Aston Villa,DEF,4.0,0,0.0,0.0,0,0,0,0,0,0.1,0.0,u,0.0,0.0,0.0,0.212
41,Emiliano Buendía Stati,Buendía,Aston Villa,MID,5.9,21,7.0,4.2,401,1,0,1,3,1.0,19.6,a,,3.56,1.19,0.91
44,Leon Bailey,Bailey,Aston Villa,MID,5.4,0,0.0,0.0,0,0,0,0,0,0.1,0.0,u,0.0,0.0,0.0,0.212
45,John McGinn,McGinn,Aston Villa,MID,5.4,17,6.0,3.4,434,0,2,2,1,2.2,14.8,a,,3.15,1.11,0.893
46,Ross Barkley,Barkley,Aston Villa,MID,5.0,10,1.5,2.0,308,0,0,1,0,0.3,15.6,a,,2.0,0.3,0.713
47,Boubacar Kamara,Kamara,Aston Villa,MID,5.0,15,4.0,3.0,443,0,1,2,0,0.3,14.3,a,100.0,3.0,0.8,0.863
48,Amadou Onana,Onana,Aston Villa,MID,4.9,0,0.0,0.0,0,0,0,0,0,0.0,0.0,i,0.0,0.0,0.0,0.212
49,Samuel Iling-Junior,Iling Jr,Aston Villa,MID,5.0,0,0.0,0.0,0,0,0,0,0,0.0,0.0,u,0.0,0.0,0.0,0.212
50,Bradley Burrowes,Burrowes,Aston Villa,MID,4.5,0,0.0,0.0,0,0,0,0,0,0.6,0.0,a,,0.0,0.0,0.212
51,George Hemmings,George Hemmings,Aston Villa,MID,4.5,9,1.0,1.8,297,0,0,1,0,1.2,9.1,a,,2.0,0.22,0.701
52,Alysson Edward Franco da Rocha dos Santos,Alysson,Aston Villa,MID,5.0,8,3.0,2.0,87,1,0,0,0,0.0,7.0,d,75.0,1.6,0.6,0.742
53,Johan Manzambi,Manzambi,Aston Villa,MID,5.9,14,7.0,7.0,98,1,1,1,2,0.4,15.6,a,100.0,2.37,1.19,0.843
54,Joao Gomes,Gomes,Aston Villa,MID,5.5,2,2.0,1.0,129,0,0,0,0,0.0,4.8,a,100.0,0.36,0.36,0.562
55,Ollie Watkins,Watkins,Aston Villa,FWD,7.8,0,0.0,0.0,0,0,0,0,0,2.5,0.0,u,0.0,0.0,0.0,0.212
56,Tammy Abraham,Abraham,Aston Villa,FWD,5.5,4,1.0,1.0,71,0,0,0,0,0.2,1.1,a,100.0,0.73,0.18,0.588
160,Alejandro Garnacho Ferreyra,Garnacho,Aston Villa,MID,5.8,3,0.0,1.0,31,0,0,0,0,0.3,0.5,a,,0.52,0.0,0.4
166,Nicolas Jackson,N.Jackson,Aston Villa,FWD,6.5,10,3.0,2.5,286,1,0,1,1,1.5,15.4,a,,1.54,0.46,0.71
582,Brian Madjo,Madjo,Aston Villa,FWD,5.4,0,0.0,0.0,0,0,0,0,0,0.2,0.0,i,0.0,0.0,0.0,0.212
596,Matteo Ruggeri,Ruggeri,Aston Villa,DEF,4.5,5,1.5,1.7,113,0,0,0,0,0.1,4.1,a,,1.11,0.33,0.649
597,Zion Suzuki,Suzuki,Aston Villa,GKP,5.0,16,2.0,4.0,360,0,0,1,3,1.9,11.6,a,,3.2,0.4,0.823
606,Triston Rowe,Rowe,Aston Villa,DEF,4.0,0,0.0,0.0,0,0,0,0,0,0.2,0.0,a,,0.0,0.0,0.212
607,Luka Lynch,Lynch,Aston Villa,MID,4.5,0,0.0,0.0,0,0,0,0,0,0.1,0.0,u,0.0,0.0,0.0,0.212
611,Aaron Wan-Bissaka,Wan-Bissaka,Aston Villa,DEF,4.5,6,2.0,1.5,152,0,0,0,0,0.2,5.9,a,,1.33,0.44,0.69
618,Leon Goretzka,Goretzka,Aston Villa,MID,5.9,0,0.0,0.0,0,0,0,0,0,0.0,0.0,i,0.0,0.0,0.0,0.212
630,Taylor Harwood-Bellis,Harwood-Bellis,Aston Villa,DEF,4.5,0,0.0,0.0,0,0,0,0,0,0.0,0.0,a,,0.0,0.0,0.212
631,Ibrahim Mbaye,Mbaye,Aston Villa,MID,6.0,2,1.0,1.0,33,0,0,0,0,0.1,4.3,a,,0.33,0.17,0.515
667,James Wright,Wright,Aston Villa,GKP,4.0,0,0.0,0.0,0,0,0,0,0,0.1,0.0,a,,0.0,0.0,0.212
57,Đorđe Petrović,Petrović,Bournemouth,GKP,4.5,9,1.5,1.8,450,0,0,0,0,3.0,9.2,a,,2.0,0.33,0.718
58,Fraser Forster,Forster,Bournemouth,GKP,4.0,0,0.0,0.0,0,0,0,0,0,3.5,0.0,a,,0.0,0.0,0.212
59,Will Dennis,Dennis,Bournemouth,GKP,4.0,0,0.0,0.0,0,0,0,0,0,0.1,0.0,u,0.0,0.0,0.0,0.212
60,James Hill,Hill,Bournemouth,DEF,5.5,12,3.0,2.4,450,0,0,0,0,0.8,19.5,a,,2.18,0.55,0.772
61,Adrien Truffert,Truffert,Bournemouth,DEF,5.4,10,2.5,2.0,450,0,0,0,2,3.0,21.5,a,,1.85,0.46,0.738
62,Bafodé Diakité,Diakité,Bournemouth,DEF,4.9,0,0.0,0.0,0,0,0,0,0,0.2,0.0,a,,0.0,0.0,0.212
63,Veljko Milosavljevic,Milosavljević,Bournemouth,DEF,4.9,0,0.0,0.0,0,0,0,0,0,0.0,0.0,i,0.0,0.0,0.0,0.212
64,Adam Smith,Smith,Bournemouth,DEF,4.5,4,1.0,0.8,434,0,0,0,0,0.1,9.1,a,,0.89,0.22,0.617
65,Julián Araujo Zúñiga,J.Araujo,Bournemouth,DEF,4.4,0,0.0,0.0,0,0,0,0,0,0.0,0.0,i,0.0,0.0,0.0,0.212
66,Julio Soler Barreto,Soler,Bournemouth,DEF,4.0,0,0.0,0.0,0,0,0,0,0,0.3,0.0,a,100.0,0.0,0.0,0.212
67,Rayan Vitor Simplício Rocha,Rayan,Bournemouth,MID,6.3,10,2.0,2.0,434,0,0,0,0,1.6,18.0,a,,1.59,0.32,0.685
68,Marcus Tavernier,Tavernier,Bournemouth,MID,6.1,31,5.0,6.2,424,3,0,0,8,6.8,45.5,a,,5.08,0.82,0.935
69,Alex Scott,Scott,Bournemouth,MID,6.1,30,3.0,6.0,446,1,2,1,5,5.7,30.5,d,50.0,4.92,0.49,0.888
70,Justin Kluivert,Kluivert,Bournemouth,MID,6.0,15,4.0,3.8,294,1,0,2,1,0.8,22.5,i,0.0,2.5,0.67,0.821
71,Lewis Cook,Cook,Bournemouth,MID,5.0,8,0.5,1.6,180,0,0,2,0,0.2,2.8,a,,1.6,0.1,0.627
72,Ben Gannon-Doak,Gannon-Doak,Bournemouth,MID,4.9,4,1.0,1.0,12,0,0,0,0,0.1,2.3,a,,0.82,0.2,0.605
73,Tyler Adams,Adams,Bournemouth,MID,5.0,12,3.0,2.4,279,0,0,0,0,0.3,8.5,a,100.0,2.4,0.6,0.803
74,David Brooks,Brooks,Bournemouth,MID,5.0,3,0.5,0.8,45,0,0,0,0,0.1,3.5,a,100.0,0.6,0.1,0.535
75,Ryan Christie,Christie,Bournemouth,MID,5.0,5,1.5,1.2,102,0,0,0,0,0.0,5.2,a,100.0,1.0,0.3,0.638
76,Alex Tóth,Tóth.A,Bournemouth,MID,4.9,2,0.5,1.0,17,0,0,0,0,0.0,0.3,a,,0.41,0.1,0.506
77,Amine Adli,Adli,Bournemouth,MID,4.9,0,0.0,0.0,0,0,0,0,0,0.0,0.0,i,0.0,0.0,0.0,0.212
78,Junior Kroupi,Kroupi.Jr,Bournemouth,MID,7.4,0,0.0,0.0,0,0,0,0,0,0.2,0.0,i,0.0,0.0,0.0,0.212
79,Francisco Evanilson de Lima Barbosa,Evanilson,Bournemouth,FWD,6.0,18,3.5,3.6,424,0,3,2,0,3.2,25.2,a,,3.0,0.58,0.841
80,Enes Ünal,Enes Ünal,Bournemouth,FWD,5.5,0,0.0,0.0,0,0,0,0,0,0.0,0.0,u,0.0,0.0,0.0,0.212
81,Álvaro Rodríguez,Rodríguez,Bournemouth,FWD,6.0,2,0.5,1.0,10,0,0,0,0,0.1,0.1,a,100.0,0.33,0.08,0.473
566,António João Pereira de Albuquerque Tavares da Silva,Silva,Bournemouth,DEF,5.0,13,3.0,2.6,450,0,0,0,0,0.4,17.7,a,,2.6,0.6,0.818
573,Juanlu Sánchez,Sanchez,Bournemouth,DEF,4.4,0,0.0,0.0,0,0,0,0,0,0.2,0.0,a,,0.0,0.0,0.212
608,Daniel Jebbison,Jebbison,Bournemouth,FWD,5.0,3,0.5,1.0,31,0,0,0,0,0.1,2.6,a,,0.6,0.1,0.535
615,Michele Di Gregorio,Di Gregorio,Bournemouth,GKP,4.5,0,0.0,0.0,0,0,0,0,0,0.0,0.0,a,,0.0,0.0,0.212
82,Caoimhín Kelleher,Kelleher,Brentford,GKP,5.0,20,4.5,4.0,450,0,0,2,0,6.1,11.7,a,,4.0,0.9,0.911
83,Hákon Rafn Valdimarsson,Valdimarsson,Brentford,GKP,4.5,0,0.0,0.0,0,0,0,0,0,0.1,0.0,a,,0.0,0.0,0.212
84,Nathan Collins,Collins,Brentford,DEF,5.4,10,0.0,3.3,196,0,0,1,0,0.9,11.4,i,0.0,1.85,0.0,0.528
85,Sepp van den Berg,Van den Berg,Brentford,DEF,4.9,0,0.0,0.0,0,0,0,0,0,0.1,0.0,i,0.0,0.0,0.0,0.212
86,Keane Lewis-Potter,Lewis-Potter,Brentford,MID,5.5,22,2.0,4.4,406,1,1,2,3,1.7,29.5,a,,4.0,0.36,0.838
87,Kristoffer Ajer,Ajer,Brentford,DEF,4.5,21,4.0,4.2,450,0,0,2,1,3.9,18.8,a,,4.67,0.89,0.927
88,Michael Kayode,Kayode,Brentford,DEF,4.6,23,3.5,4.6,294,1,0,2,1,7.6,15.3,a,,5.0,0.76,0.93
89,Rico Henry,Henry,Brentford,DEF,4.4,1,0.0,1.0,2,0,0,0,0,0.2,0.0,a,,0.23,0.0,0.356
90,Aaron Hickey,Hickey,Brentford,DEF,4.5,5,1.0,1.0,152,0,0,0,0,0.1,4.7,a,,1.11,0.22,0.632
92,Kim Ji-soo,Ji-soo,Brentford,DEF,4.4,0,0.0,0.0,0,0,0,0,0,0.0,0.0,a,,0.0,0.0,0.212
93,Jannik Schuster,Schuster,Brentford,DEF,4.5,21,8.5,7.0,253,0,1,1,3,0.3,12.0,a,,4.67,1.89,0.963
94,Kevin Schade,Schade,Brentford,MID,6.2,39,12.0,7.8,447,3,2,2,6,11.9,35.4,a,,6.29,1.94,0.99
95,Dango Ouattara,O.Dango,Brentford,MID,6.3,7,1.0,1.4,179,0,0,1,0,0.5,10.8,a,,1.11,0.16,0.61
96,Mikkel Damsgaard,Damsgaard,Brentford,MID,5.4,16,2.0,3.2,283,0,1,2,3,0.4,20.7,d,75.0,2.96,0.37,0.801
97,Mathias Jensen,Jensen,Brentford,MID,5.4,6,0.0,6.0,66,0,1,1,0,0.1,7.2,i,0.0,1.11,0.0,0.466
98,Vitaly Janelt,Janelt,Brentford,MID,5.0,28,3.5,5.6,450,2,0,2,3,2.5,30.9,a,,5.6,0.7,0.931
99,Antoni Milambo,Milambo,Brentford,MID,5.0,0,0.0,0.0,0,0,0,0,0,0.0,0.0,i,0.0,0.0,0.0,0.212
100,Fábio Freitas Gouveia Carvalho,Carvalho,Brentford,MID,5.0,6,3.0,6.0,3,1,0,0,0,0.0,6.7,a,100.0,1.2,0.6,0.708
102,Yehor Yarmoliuk,Yarmoliuk,Brentford,MID,4.8,9,3.5,1.8,216,0,1,1,0,0.6,13.4,a,,1.88,0.73,0.782
103,Josh Dasilva,Dasilva,Brentford,MID,4.9,0,0.0,0.0,0,0,0,0,0,0.0,0.0,i,0.0,0.0,0.0,0.212
105,Jaidon Anthony,Anthony,Brentford,MID,5.9,15,5.5,3.0,267,1,0,2,2,0.1,21.2,a,,2.54,0.93,0.845
106,Igor Thiago Nascimento Rodrigues,Thiago,Brentford,FWD,7.8,10,3.0,2.0,442,1,0,2,0,9.2,23.6,a,,1.28,0.38,0.677
107,Kaye Furo,Furo,Brentford,FWD,4.5,0,0.0,0.0,0,0,0,0,0,0.9,0.0,i,0.0,0.0,0.0,0.212
108,Callum Wilson,Wilson,Brentford,FWD,5.4,3,0.0,1.0,13,0,0,0,0,0.3,2.6,a,,0.56,0.0,0.404
565,Mamadou Sangaré,M.Sangaré,Brentford,MID,5.6,22,2.0,4.4,321,0,2,1,3,9.8,17.1,a,,3.93,0.36,0.835
620,El Hadji Malick Diouf,Diouf,Brentford,DEF,4.5,2,1.0,1.0,39,0,0,0,0,0.1,0.7,a,,0.44,0.22,0.559
657,Gustavo Nunes Fernandes Gomes,Nunes,Brentford,MID,4.5,0,0.0,0.0,0,0,0,0,0,0.0,0.0,a,,0.0,0.0,0.212
660,Benjamin Fredrick,Fredrick,Brentford,DEF,4.0,0,0.0,0.0,0,0,0,0,0,0.0,0.0,a,,0.0,0.0,0.212
661,Ellery Balcombe,Balcombe,Brentford,GKP,4.0,0,0.0,0.0,0,0,0,0,0,0.0,0.0,a,,0.0,0.0,0.212
109,Bart Verbruggen,Verbruggen,Brighton,GKP,4.5,23,7.0,4.6,450,0,0,3,0,21.6,11.7,a,,5.11,1.56,0.974
111,Jason Steele,Steele,Brighton,GKP,4.0,0,0.0,0.0,0,0,0,0,0,4.1,0.0,a,,0.0,0.0,0.212
113,Ferdi Kadıoğlu,F.Kadıoğlu,Brighton,DEF,4.4,13,5.5,3.2,332,0,0,2,0,1.6,12.2,a,100.0,2.95,1.25,0.888
114,Olivier Boscagli,Boscagli,Brighton,DEF,4.5,19,6.0,3.8,437,0,0,3,0,0.3,21.4,a,,4.22,1.33,0.942
115,Maxim De Cuyper,De Cuyper,Brighton,DEF,5.0,38,8.5,7.6,423,1,3,3,5,28.0,33.8,a,,7.6,1.7,0.994
116,Lewis Dunk,Dunk,Brighton,DEF,4.5,22,6.0,5.5,360,1,0,2,1,1.5,14.3,d,75.0,4.89,1.33,0.958
117,Diego Coppola,Coppola,Brighton,DEF,4.5,0,0.0,0.0,0,0,0,0,0,0.0,0.0,a,,0.0,0.0,0.212
118,Igor Julio dos Santos de Paulo,Igor,Brighton,DEF,4.5,0,0.0,0.0,0,0,0,0,0,0.0,0.0,u,0.0,0.0,0.0,0.212
119,João Pedro Loureiro da Costa,Costinha,Brighton,DEF,4.5,4,1.0,0.8,68,0,0,0,0,0.0,5.4,a,,0.89,0.22,0.617
120,Michael Svoboda,Svoboda,Brighton,DEF,5.0,1,0.5,1.0,4,0,0,0,0,0.1,0.2,a,,0.2,0.1,0.461
121,Mitoma Kaoru,Mitoma,Brighton,MID,5.9,0,0.0,0.0,0,0,0,0,0,0.0,0.0,i,0.0,0.0,0.0,0.212
122,Yankuba Minteh,Minteh,Brighton,MID,5.8,0,0.0,0.0,0,0,0,0,0,0.0,0.0,i,0.0,0.0,0.0,0.212
123,Jack Hinshelwood,Hinshelwood,Brighton,MID,5.9,16,0.0,16.0,63,2,0,1,3,0.6,14.5,i,0.0,2.71,0.0,0.59
124,Pascal Groß,Groß,Brighton,MID,5.9,47,15.5,9.4,450,3,4,3,9,29.5,50.8,a,,7.97,2.63,0.999
125,Georginio Rutter,Georginio,Brighton,FWD,5.3,6,0.5,3.0,104,0,1,1,0,0.5,5.1,a,100.0,1.13,0.09,0.578
126,Matt O'Riley,O'Riley,Brighton,MID,5.4,2,1.0,1.0,10,0,0,0,0,0.1,3.8,a,,0.37,0.19,0.528
127,Diego Gómez Amarilla,Gomez,Brighton,MID,5.0,24,5.5,4.8,433,0,3,3,0,3.9,31.4,a,,4.8,1.1,0.942
128,Facundo Buonanotte,Buonanotte,Brighton,MID,5.0,0,0.0,0.0,0,0,0,0,0,0.0,0.0,u,0.0,0.0,0.0,0.212
129,Yasin Ayari,Ayari,Brighton,MID,5.4,15,5.5,3.8,333,1,0,3,0,0.4,16.9,a,100.0,2.78,1.02,0.864
130,Mats Wieffer,Wieffer,Brighton,DEF,4.9,7,0.0,3.5,156,0,0,1,1,0.2,8.3,i,0.0,1.43,0.0,0.491
132,Harry Howell,Howell,Brighton,MID,4.5,0,0.0,0.0,0,0,0,0,0,0.0,0.0,u,0.0,0.0,0.0,0.212
133,Tom Watson,Watson,Brighton,MID,5.0,0,0.0,0.0,0,0,0,0,0,0.0,0.0,u,0.0,0.0,0.0,0.212
134,Nehemiah Oriola,Oriola,Brighton,MID,4.5,0,0.0,0.0,0,0,0,0,0,0.2,0.0,a,,0.0,0.0,0.212
135,Zadok Yohanna,Yohanna,Brighton,MID,4.8,1,0.0,1.0,12,0,0,0,0,0.0,0.2,i,0.0,0.21,0.0,0.347
137,Stefanos Tzimas,Tzimas,Brighton,FWD,5.4,0,0.0,0.0,0,0,0,0,0,0.0,0.0,i,0.0,0.0,0.0,0.212
138,Charalampos Kostoulas,Kostoulas,Brighton,FWD,5.6,28,10.0,5.6,353,2,3,2,3,4.5,26.1,a,,5.0,1.79,0.973
139,Evan Ferguson,Ferguson,Brighton,FWD,5.0,0,0.0,0.0,0,0,0,0,0,0.0,0.0,i,0.0,0.0,0.0,0.212
328,Pascal Struijk,Struijk,Brighton,DEF,4.9,7,3.0,2.3,98,0,0,1,0,0.2,4.0,d,75.0,1.43,0.61,0.73
504,Luka Vušković,Vuskovic,Brighton,DEF,5.0,32,7.0,6.4,437,1,0,3,2,3.8,21.8,a,,6.4,1.4,0.985
594,Promise David,David,Brighton,FWD,5.9,1,0.0,0.5,23,0,0,0,0,0.2,0.4,a,,0.17,0.0,0.327
600,Ibrahim Osman,Osman,Brighton,MID,5.0,3,0.5,1.0,40,0,0,0,0,0.0,4.2,a,,0.6,0.1,0.535
605,Malick Yalcouyé,Yalcouyé,Brighton,MID,4.5,20,4.5,4.0,236,2,0,1,1,4.0,29.1,a,,4.44,1.0,0.928
614,Jaouen Hadjam,Hadjam,Brighton,DEF,4.5,0,0.0,0.0,0,0,0,0,0,0.0,0.0,a,,0.0,0.0,0.212
624,Amario Cozier-Duberry,Cozier-Duberry,Brighton,MID,5.0,0,0.0,0.0,0,0,0,0,0,0.0,0.0,u,0.0,0.0,0.0,0.212
639,José María Andrés Baixauli,Andrés,Brighton,MID,5.5,12,6.0,6.0,109,1,1,1,0,0.0,10.9,a,,2.18,1.09,0.818
652,Femi Azeez,Azeez,Brighton,MID,5.5,0,0.0,0.0,0,0,0,0,0,0.0,0.0,i,0.0,0.0,0.0,0.212
658,Younes Ibrahim,Ibrahim,Brighton,MID,4.5,0,0.0,0.0,0,0,0,0,0,0.0,0.0,a,,0.0,0.0,0.212
28,Emiliano Martínez Romero,Martinez,Chelsea,GKP,5.0,9,2.3,2.2,360,0,0,0,0,4.7,17.5,a,,1.8,0.46,0.731
40,Morgan Rogers,Rogers,Chelsea,MID,7.7,29,5.3,5.8,437,3,1,0,2,40.7,43.9,a,,3.77,0.69,0.882
101,Jordan Henderson,Henderson,Chelsea,MID,4.9,2,0.7,2.0,90,0,0,0,0,0.0,2.7,a,100.0,0.41,0.14,0.525
136,Danny Welbeck,Welbeck,Chelsea,FWD,5.9,4,1.3,1.3,85,0,0,0,0,1.0,6.1,a,100.0,0.68,0.22,0.596
140,Robert Lynch Sánchez,Sánchez,Chelsea,GKP,4.9,2,0.0,2.0,90,0,0,0,0,0.7,2.1,u,0.0,0.41,0.0,0.385
141,Filip Jörgensen,Jörgensen,Chelsea,GKP,5.0,0,0.0,0.0,0,0,0,0,0,0.0,0.0,u,0.0,0.0,0.0,0.212
142,Reece James,James,Chelsea,DEF,5.3,3,0.7,0.8,292,0,0,0,0,5.7,14.8,d,75.0,0.57,0.13,0.547
143,Trevoh Chalobah,Chalobah,Chelsea,DEF,5.5,0,0.0,0.0,0,0,0,0,0,0.1,0.0,u,0.0,0.0,0.0,0.212
144,Malo Gusto,Gusto,Chelsea,DEF,4.9,4,0.7,1.0,272,0,0,0,0,0.9,8.2,a,,0.82,0.14,0.585
145,Wesley Fofana,Fofana,Chelsea,DEF,5.0,8,2.7,2.0,312,0,0,0,0,0.2,13.4,a,100.0,1.6,0.54,0.731
146,Benoît Badiashile Mukinayi,B.Badiashile,Chelsea,DEF,4.5,0,0.0,0.0,0,0,0,0,0,0.0,0.0,u,0.0,0.0,0.0,0.212
148,Jorrel Hato,Hato,Chelsea,DEF,4.5,8,1.0,2.0,258,0,2,0,0,0.8,14.0,a,,1.78,0.22,0.684
149,Levi Samuels Colwill,Colwill,Chelsea,DEF,4.8,3,0.7,0.8,341,0,0,0,0,0.9,9.2,a,,0.62,0.15,0.563
150,Mamadou Sarr,M.Sarr,Chelsea,DEF,4.5,0,0.0,0.0,0,0,0,0,0,0.0,0.0,u,0.0,0.0,0.0,0.212
151,Josh Acheampong,Acheampong,Chelsea,DEF,4.5,5,0.3,1.2,221,0,0,0,0,0.3,5.4,a,,1.11,0.07,0.569
152,Marco Palestra,Palestra,Chelsea,DEF,5.3,0,0.0,0.0,0,0,0,0,0,0.6,0.0,d,50.0,0.0,0.0,0.212
154,Cole Palmer,Palmer,Chelsea,MID,9.7,28,2.7,5.6,442,2,2,0,3,25.4,44.1,d,75.0,2.89,0.28,0.778
156,Pedro Lomba Neto,Neto,Chelsea,MID,6.5,14,2.0,2.8,332,1,0,0,0,1.4,28.2,a,,2.15,0.31,0.724
157,Estêvão Almeida de Oliveira Gonçalves,Estêvão,Chelsea,MID,6.3,4,1.0,1.0,23,0,0,0,0,0.7,5.0,a,,0.63,0.16,0.566
158,Jamie Bynoe-Gittens,Gittens,Chelsea,MID,5.8,0,0.0,0.0,0,0,0,0,0,0.0,0.0,d,75.0,0.0,0.0,0.212
159,Moisés Caicedo Corozo,Caicedo,Chelsea,MID,5.3,1,0.0,1.0,13,0,0,0,0,1.0,0.0,d,50.0,0.19,0.0,0.332
161,Roméo Lavia,Lavia,Chelsea,MID,5.0,11,1.0,2.8,258,1,0,0,0,0.2,16.1,a,,2.2,0.2,0.709
163,Dário Luís Essugo,D.Essugo,Chelsea,MID,4.5,0,0.0,0.0,0,0,0,0,0,0.1,0.0,u,0.0,0.0,0.0,0.212
164,Geovany Quenda,Quenda,Chelsea,MID,5.3,2,0.3,1.0,27,0,0,0,0,0.0,1.2,a,100.0,0.38,0.06,0.477
165,João Pedro Junqueira de Jesus,João Pedro,Chelsea,FWD,7.7,33,4.3,8.2,360,3,3,0,7,64.8,37.0,d,75.0,4.29,0.56,0.884
168,Marc Guiu Paz,Marc Guiu,Chelsea,FWD,5.0,0,0.0,0.0,0,0,0,0,0,0.2,0.0,u,0.0,0.0,0.0,0.212
169,Shumaira Mheuka,Mheuka,Chelsea,FWD,4.5,0,0.0,0.0,0,0,0,0,0,0.5,0.0,a,,0.0,0.0,0.212
170,Emmanuel Emegha,Emegha,Chelsea,FWD,4.9,0,0.0,0.0,0,0,0,0,0,0.1,0.0,i,0.0,0.0,0.0,0.212
200,Maxence Lacroix,Lacroix,Chelsea,DEF,5.9,13,2.0,2.6,364,0,1,0,0,6.8,14.4,a,,2.2,0.34,0.735
560,Mike Penders,Penders,Chelsea,GKP,4.4,0,0.0,0.0,0,0,0,0,0,0.1,0.0,a,,0.0,0.0,0.212
561,Aaron Anselmino,Anselmino,Chelsea,DEF,4.5,0,0.0,0.0,0,0,0,0,0,0.0,0.0,a,100.0,0.0,0.0,0.212
568,Valentín Barco,Barco,Chelsea,MID,5.4,3,0.7,1.0,115,0,0,0,0,0.1,3.0,a,,0.56,0.13,0.543
583,Pep Chavarría,Chavarria,Chelsea,DEF,4.9,5,1.0,1.0,208,0,0,0,0,0.1,7.5,a,,1.02,0.2,0.621
662,Mahdi Nicoll-Jazuli,Nicoll-Jazuli,Chelsea,MID,4.5,1,1.0,1.0,3,0,0,0,0,0.0,0.6,a,,0.22,0.22,0.518
91,Ethan Pinnock,Pinnock,Coventry City,DEF,4.5,14,5.0,3.5,282,0,0,1,0,0.1,10.3,a,,3.11,1.11,0.89
104,Frank Onyeka,Onyeka,Coventry City,MID,4.9,9,2.5,2.2,314,0,0,1,0,0.1,4.5,a,100.0,1.84,0.51,0.746
110,Carl Rushworth,Rushworth,Coventry City,GKP,4.5,16,5.5,3.2,450,0,1,1,2,0.8,10.1,a,,3.56,1.22,0.912
171,Oliver Dovin,Dovin,Coventry City,GKP,4.0,0,0.0,0.0,0,0,0,0,0,1.0,0.0,u,0.0,0.0,0.0,0.212
172,Ben Wilson,Wilson,Coventry City,GKP,4.4,0,0.0,0.0,0,0,0,0,0,0.4,0.0,a,,0.0,0.0,0.212
173,Bobby Thomas,Thomas,Coventry City,DEF,4.0,24,4.5,4.8,437,0,0,2,3,8.5,18.4,a,,6.0,1.12,0.965
174,Liam Kitching,Kitching,Coventry City,DEF,4.0,0,0.0,0.0,0,0,0,0,0,0.3,0.0,u,0.0,0.0,0.0,0.212
175,Milan van Ewijk,van Ewijk,Coventry City,DEF,4.0,6,0.0,1.5,360,0,0,0,0,8.6,12.8,d,75.0,1.5,0.0,0.497
176,Jay Dasilva,Dasilva,Coventry City,DEF,4.0,20,7.5,4.0,444,1,0,1,3,0.7,21.5,a,,5.0,1.88,0.974
177,Kaine Kesler-Hayden,Kesler-Hayden,Coventry City,DEF,3.9,0,0.0,0.0,0,0,0,0,0,0.1,0.0,i,0.0,0.0,0.0,0.212
178,Jake Bidwell,Bidwell,Coventry City,DEF,4.0,0,0.0,0.0,0,0,0,0,0,0.1,0.0,a,,0.0,0.0,0.212
179,Joel Latibeaudiere,Latibeaudiere,Coventry City,DEF,4.0,1,0.5,1.0,1,0,0,0,0,0.0,0.7,a,,0.25,0.12,0.497
180,Luke Woolfenden,Woolfenden,Coventry City,DEF,3.9,0,0.0,0.0,0,0,0,0,0,0.1,0.0,i,0.0,0.0,0.0,0.212
181,Miguel Brau,Brau,Coventry City,DEF,4.0,0,0.0,0.0,0,0,0,0,0,0.0,0.0,u,0.0,0.0,0.0,0.212
182,Aurèle Amenda,Amenda,Coventry City,DEF,4.0,4,0.0,1.0,360,0,0,0,0,0.6,9.4,i,0.0,1.0,0.0,0.459
183,Jack Rudoni,Rudoni,Coventry City,MID,4.9,13,3.5,2.6,297,0,0,2,0,0.1,27.2,a,100.0,2.65,0.71,0.836
184,Matt Grimes,Grimes,Coventry City,MID,4.9,11,2.5,2.2,443,0,0,1,0,0.1,11.8,a,,2.24,0.51,0.776
185,Tatsuhiro Sakamoto,Sakamoto,Coventry City,MID,4.8,1,0.0,1.0,31,0,0,0,0,0.1,1.9,a,,0.21,0.0,0.347
186,Ephron Mason-Clark,Mason-Clark,Coventry City,MID,5.3,5,1.0,1.2,231,0,0,0,0,0.1,11.7,a,100.0,0.94,0.19,0.61
187,Josh Eccles,Eccles,Coventry City,MID,4.8,0,0.0,0.0,0,0,0,0,0,0.0,0.0,i,0.0,0.0,0.0,0.212
188,Victor Torp,Torp,Coventry City,MID,5.3,3,0.5,1.0,53,0,0,0,0,0.1,2.7,a,,0.57,0.09,0.518
189,George Shepherd,Shepherd,Coventry City,MID,4.4,0,0.0,0.0,0,0,0,0,0,0.3,0.0,a,,0.0,0.0,0.212
190,Loum Tchaouna,Tchaouna,Coventry City,MID,5.4,5,0.5,1.2,211,0,0,0,0,0.1,12.3,a,,0.93,0.09,0.564
191,Raphael Borges Rodrigues,Borges Rodrigues,Coventry City,MID,4.5,0,0.0,0.0,0,0,0,0,0,0.1,0.0,u,0.0,0.0,0.0,0.212
192,Kai Andrews,Andrews,Coventry City,MID,4.5,0,0.0,0.0,0,0,0,0,0,0.3,0.0,u,0.0,0.0,0.0,0.212
193,Haji Wright,Wright,Coventry City,FWD,5.3,0,0.0,0.0,0,0,0,0,0,0.1,0.0,i,0.0,0.0,0.0,0.212
194,Brandon Thomas-Asante,Thomas-Asante,Coventry City,FWD,5.0,9,2.5,1.8,227,0,0,1,0,0.8,8.4,a,,1.8,0.5,0.738
195,Ellis Simms,Simms,Coventry City,FWD,4.9,4,0.5,1.3,104,0,0,0,0,0.6,6.8,a,,0.82,0.1,0.565
196,Jahnoah Markelo,Markelo,Coventry City,FWD,5.0,0,0.0,0.0,0,0,0,0,0,0.0,0.0,u,0.0,0.0,0.0,0.212
197,Norman Bassette,Bassette,Coventry City,FWD,4.5,0,0.0,0.0,0,0,0,0,0,0.0,0.0,u,0.0,0.0,0.0,0.212
492,Taiwo Awoniyi,Awoniyi,Coventry City,FWD,5.4,3,-1.0,0.8,232,0,0,0,0,0.4,13.6,s,0.0,0.56,-0.19,0.306
575,Caleb Yirenkyi,Yirenkyi,Coventry City,MID,4.8,9,2.0,1.8,265,0,0,2,0,0.1,6.0,a,,1.88,0.42,0.736
584,Gustavo Hamer,Hamer,Coventry City,MID,5.4,3,0.0,1.0,32,0,0,0,0,0.1,0.3,a,,0.56,0.0,0.404
599,Sidiki Cherif,Cherif,Coventry City,FWD,5.0,1,0.5,1.0,30,0,0,0,0,0.1,0.1,a,,0.2,0.1,0.461
623,Dan Bentley,Bentley,Coventry City,GKP,4.0,0,0.0,0.0,0,0,0,0,0,0.6,0.0,a,,0.0,0.0,0.212
655,Yann Gboho,Gboho,Coventry City,MID,5.5,0,0.0,0.0,0,0,0,0,0,0.0,0.0,a,,0.0,0.0,0.212
656,Stephen Mfuni,Mfuni,Coventry City,DEF,4.0,6,3.0,6.0,90,0,0,1,0,0.1,2.2,a,,1.5,0.75,0.749
42,Evann Guessand,Guessand,Crystal Palace,MID,5.4,2,0.0,1.0,54,0,0,0,0,0.0,1.5,a,,0.37,0.0,0.374
153,Axel Disasi,Disasi,Crystal Palace,DEF,4.5,1,-1.5,0.3,139,0,0,0,0,0.1,5.0,s,0.0,0.22,-0.33,0.252
198,Dean Henderson,Henderson,Crystal Palace,GKP,4.9,5,0.0,1.7,270,0,0,0,0,1.3,9.6,i,0.0,1.02,0.0,0.461
199,Walter Benítez,Benitez,Crystal Palace,GKP,4.5,8,4.0,4.0,180,0,0,1,0,0.1,3.8,a,,1.78,0.89,0.779
202,Chris Richards,Richards,Crystal Palace,DEF,4.9,14,5.0,2.8,450,0,0,1,0,0.6,16.2,a,,2.86,1.02,0.869
203,Jaydee Canvot,Canvot,Crystal Palace,DEF,4.8,10,4.0,2.5,360,0,0,1,0,0.2,11.5,a,,2.08,0.83,0.799
204,Tyrick Mitchell,Mitchell,Crystal Palace,DEF,4.5,24,4.0,4.8,419,2,0,1,3,6.1,25.8,a,,5.33,0.89,0.943
205,Borna Sosa,Sosa,Crystal Palace,DEF,4.5,0,0.0,0.0,0,0,0,0,0,0.0,0.0,u,0.0,0.0,0.0,0.212
206,Chadi Riad Dnanou,Chadi Riad,Crystal Palace,DEF,4.3,1,0.0,1.0,72,0,0,0,0,0.0,1.4,i,0.0,0.23,0.0,0.356
207,Oscar Mingueza,Mingueza,Crystal Palace,DEF,4.4,2,0.0,1.0,16,0,0,0,0,0.1,0.3,a,,0.45,0.0,0.395
208,Ismaïla Sarr,Sarr,Crystal Palace,MID,6.2,1,0.5,1.0,8,0,0,0,0,0.6,0.1,a,100.0,0.16,0.08,0.431
210,Adam Wharton,Wharton,Crystal Palace,MID,5.4,12,2.0,2.4,436,0,0,1,0,0.7,18.9,a,100.0,2.22,0.37,0.746
211,Yéremy Pino Santos,Yeremy,Crystal Palace,MID,5.5,14,1.5,2.8,307,0,2,1,0,0.3,15.8,a,,2.55,0.27,0.754
212,Will Hughes,Hughes,Crystal Palace,MID,4.4,2,0.5,1.0,29,0,0,0,0,7.3,2.4,a,,0.45,0.11,0.526
213,Jefferson Lerma Solís,Lerma,Crystal Palace,MID,4.8,1,0.5,0.5,51,0,0,0,0,0.1,3.0,a,,0.21,0.1,0.467
214,Daichi Kamada,Kamada,Crystal Palace,MID,5.0,21,5.5,4.2,441,0,3,1,0,0.5,21.9,a,,4.2,1.1,0.925
215,Justin Devenny,Devenny,Crystal Palace,MID,5.0,0,0.0,0.0,0,0,0,0,0,0.0,0.0,u,0.0,0.0,0.0,0.212
216,Romain Esse,Esse,Crystal Palace,MID,5.0,0,0.0,0.0,0,0,0,0,0,0.0,0.0,u,0.0,0.0,0.0,0.212
217,Matheus França de Oliveira,M.França,Crystal Palace,MID,4.9,0,0.0,0.0,0,0,0,0,0,0.0,0.0,u,0.0,0.0,0.0,0.212
218,Cheick Doucouré,Doucouré,Crystal Palace,MID,4.8,0,0.0,0.0,0,0,0,0,0,0.0,0.0,a,,0.0,0.0,0.212
219,Jesurun Rak-Sakyi,J.Rak-Sakyi,Crystal Palace,MID,4.9,0,0.0,0.0,0,0,0,0,0,0.0,0.0,u,0.0,0.0,0.0,0.212
220,Rio Cardines,Cardines,Crystal Palace,DEF,4.5,0,0.0,0.0,0,0,0,0,0,0.0,0.0,u,0.0,0.0,0.0,0.212
221,Joél Drakes-Thomas,Drakes-Thomas,Crystal Palace,MID,4.4,0,0.0,0.0,0,0,0,0,0,0.1,0.0,a,,0.0,0.0,0.212
222,Jørgen Strand Larsen,Strand Larsen,Crystal Palace,FWD,6.0,14,5.0,2.8,298,1,0,1,2,0.7,16.1,a,,2.33,0.83,0.819
223,Jean-Philippe Mateta,Mateta,Crystal Palace,FWD,6.3,2,0.0,2.0,62,0,0,0,0,1.3,2.5,i,0.0,0.32,0.0,0.367
224,Eddie Nketiah,Nketiah,Crystal Palace,FWD,5.5,8,0.5,2.0,175,0,1,0,0,0.5,13.0,a,100.0,1.45,0.09,0.603
225,Christantus Uche,Uche,Crystal Palace,FWD,5.0,0,0.0,0.0,0,0,0,0,0,0.0,0.0,u,0.0,0.0,0.0,0.212
241,Dwight McNeil,McNeil,Crystal Palace,MID,5.3,3,0.0,1.5,84,0,0,0,0,0.1,1.7,a,,0.57,0.0,0.408
555,Remi Matthews,Matthews,Crystal Palace,GKP,4.0,0,0.0,0.0,0,0,0,0,0,1.7,0.0,a,,0.0,0.0,0.212
577,Takehiro Tomiyasu,Tomiyasu,Crystal Palace,DEF,4.4,3,0.5,0.8,189,0,0,0,0,0.3,6.0,d,75.0,0.68,0.11,0.561
588,Anan Khalaili,Khalaili,Crystal Palace,DEF,5.0,19,6.5,3.8,379,1,0,1,0,0.3,22.5,d,75.0,3.8,1.3,0.922
595,Zavier Gozo,Gozo,Crystal Palace,MID,4.9,2,0.5,1.0,28,0,0,0,0,0.0,0.3,a,,0.41,0.1,0.506
633,Honest Ahanor,Ahanor,Crystal Palace,DEF,4.5,3,1.5,3.0,90,0,0,0,0,0.0,4.1,a,,0.67,0.33,0.608
643,Ben Chilwell,Chilwell,Crystal Palace,DEF,4.5,8,0.5,4.0,29,1,0,0,0,0.4,5.9,a,,1.78,0.11,0.649
644,Quinten Timber,Timber,Crystal Palace,MID,5.0,9,3.5,3.0,253,0,0,1,0,0.0,10.0,a,,1.8,0.7,0.77
647,Darío Osorio,Osorio,Crystal Palace,MID,5.5,1,0.0,1.0,1,0,0,0,0,0.0,0.2,a,,0.18,0.0,0.328
21,Christian Nørgaard,Nørgaard,Everton,MID,4.8,0,0.0,0.0,0,0,0,0,0,0.0,0.0,i,0.0,0.0,0.0,0.212
209,Brennan Johnson,Johnson,Everton,MID,5.9,9,2.3,1.8,238,0,0,2,0,0.1,10.0,a,,1.53,0.39,0.699
226,Jordan Pickford,Pickford,Everton,GKP,5.5,25,5.0,5.0,450,0,0,3,1,9.2,12.0,a,,4.55,0.91,0.928
227,Mark Travers,Travers,Everton,GKP,5.0,0,0.0,0.0,0,0,0,0,0,0.0,0.0,a,,0.0,0.0,0.212
228,Tom King,King,Everton,GKP,4.5,0,0.0,0.0,0,0,0,0,0,0.0,0.0,a,,0.0,0.0,0.212
229,James Tarkowski,Tarkowski,Everton,DEF,6.2,43,8.3,8.6,450,1,1,3,7,16.8,20.5,a,,6.94,1.34,0.987
230,Jarrad Branthwaite,Branthwaite,Everton,DEF,5.5,27,5.7,5.4,450,0,0,3,0,2.4,22.5,a,,4.91,1.04,0.943
231,Michael Keane,Keane,Everton,DEF,4.8,0,0.0,0.0,0,0,0,0,0,0.7,0.0,a,,0.0,0.0,0.212
232,Jake O'Brien,O'Brien,Everton,DEF,4.8,2,0.7,1.0,16,0,0,0,0,0.3,0.3,a,,0.42,0.15,0.532
233,Vitalii Mykolenko,Mykolenko,Everton,DEF,4.6,27,5.7,5.4,450,0,0,3,3,4.1,15.5,d,75.0,5.87,1.24,0.969
234,Nathan Patterson,Patterson,Everton,DEF,4.5,0,0.0,0.0,0,0,0,0,0,0.0,0.0,u,0.0,0.0,0.0,0.212
235,Adam Aznou,Aznou,Everton,DEF,4.0,0,0.0,0.0,0,0,0,0,0,0.1,0.0,u,0.0,0.0,0.0,0.212
236,Kiernan Dewsbury-Hall,Dewsbury-Hall,Everton,MID,6.6,20,2.3,4.0,450,1,0,3,3,5.9,38.9,a,,3.03,0.35,0.799
238,Jack Grealish,Grealish,Everton,MID,6.5,6,1.7,1.5,135,0,0,1,0,0.5,11.4,a,100.0,0.92,0.26,0.625
239,James Garner,Garner,Everton,MID,6.0,11,3.0,2.2,328,0,0,2,0,0.2,13.4,a,100.0,1.83,0.5,0.741
242,Tyrique George,George,Everton,MID,5.5,19,4.7,3.8,309,1,0,2,3,0.9,22.5,a,,3.45,0.85,0.887
243,Carlos Alcaraz Durán,Alcaraz,Everton,MID,4.9,1,0.0,0.5,5,0,0,0,0,0.1,2.7,a,,0.2,0.0,0.34
244,Harrison Armstrong,Armstrong,Everton,MID,5.0,16,2.0,3.2,446,0,1,3,0,0.4,14.7,a,100.0,3.2,0.4,0.823
245,Tyler Dibling,Dibling,Everton,MID,5.4,1,0.3,1.0,24,0,0,0,0,0.0,5.8,a,,0.19,0.06,0.431
246,Merlin Röhl,Röhl,Everton,MID,4.9,6,0.3,2.0,249,0,0,1,0,0.0,6.1,i,0.0,1.22,0.06,0.575
247,Hayden Hackney,Hackney,Everton,MID,5.4,10,2.0,2.0,137,0,1,1,0,0.2,11.1,a,100.0,1.85,0.37,0.723
248,Norberto Bercique Gomes Betuncal,Beto,Everton,FWD,5.4,2,0.0,1.0,31,0,0,0,0,0.6,0.8,u,0.0,0.37,0.0,0.374
249,Thierno Barry,Barry,Everton,FWD,5.7,20,3.3,4.0,417,2,0,3,2,8.3,36.5,a,,3.51,0.58,0.863
649,Ainsley Maitland-Niles,Maitland-Niles,Everton,DEF,4.5,21,7.0,7.0,177,1,0,2,2,1.4,11.4,a,,4.67,1.56,0.959
654,Braiden Graham,Graham,Everton,MID,4.5,0,0.0,0.0,0,0,0,0,0,0.1,0.0,a,,0.0,0.0,0.212
250,Bernd Leno,Leno,Fulham,GKP,4.5,18,6.0,3.6,450,0,0,1,2,3.4,12.8,a,,4.0,1.33,0.935
251,Benjamin Lecomte,Lecomte,Fulham,GKP,4.0,0,0.0,0.0,0,0,0,0,0,1.1,0.0,a,,0.0,0.0,0.212
252,Alfie McNally,McNally,Fulham,GKP,4.0,0,0.0,0.0,0,0,0,0,0,0.1,0.0,u,0.0,0.0,0.0,0.212
253,Joachim Andersen,Andersen,Fulham,DEF,5.0,3,0.5,1.0,190,0,0,0,0,0.2,9.6,a,100.0,0.6,0.1,0.535
254,Antonee Robinson,Robinson,Fulham,DEF,4.5,12,4.0,2.4,429,0,0,1,0,1.5,21.8,a,,2.67,0.89,0.85
255,Jorge Cuenca Barreno,J.Cuenca,Fulham,DEF,4.5,3,0.0,3.0,90,0,0,0,0,0.0,5.4,a,,0.67,0.0,0.425
256,Kenny Tete,Tete,Fulham,DEF,4.4,0,0.0,0.0,27,0,0,0,0,0.2,0.4,a,100.0,0.0,0.0,0.212
257,Calvin Bassey,Bassey,Fulham,DEF,4.5,15,6.0,3.0,450,0,1,1,1,0.7,15.2,a,,3.33,1.33,0.914
258,Timothy Castagne,Castagne,Fulham,DEF,4.5,20,3.5,4.0,408,0,2,2,0,1.0,20.6,a,,4.44,0.78,0.913
261,Alex Iwobi,Iwobi,Fulham,MID,5.4,14,4.0,2.8,408,0,0,2,2,0.7,27.7,a,,2.59,0.74,0.831
262,Emile Smith Rowe,Smith Rowe,Fulham,MID,5.3,3,0.5,1.0,38,0,0,0,0,0.2,4.0,a,,0.57,0.09,0.518
263,Kevin Santos Lopes de Macedo,Kevin,Fulham,MID,5.3,4,1.0,1.0,61,0,0,0,0,0.0,3.5,a,,0.75,0.19,0.594
264,Oscar Bobb,Bobb,Fulham,MID,5.5,13,3.0,2.6,343,0,0,3,0,0.3,23.8,a,,2.36,0.55,0.79
265,Sander Berge,Berge,Fulham,MID,4.9,11,3.0,2.2,349,0,0,2,0,0.3,15.4,a,,2.24,0.61,0.795
266,Tom Cairney,Cairney,Fulham,MID,4.9,0,0.0,0.0,0,0,0,0,0,0.0,0.0,i,0.0,0.0,0.0,0.212
268,Josh King,King,Fulham,MID,5.5,24,2.5,4.8,425,2,0,2,3,2.8,35.8,a,,4.36,0.45,0.864
269,Ryan Sessegnon,Sessegnon,Fulham,DEF,4.3,3,0.0,1.0,50,0,0,0,0,0.3,7.5,a,100.0,0.7,0.0,0.436
270,Harrison Reed,Reed,Fulham,MID,4.4,0,0.0,0.0,0,0,0,0,0,1.1,0.0,a,,0.0,0.0,0.212
271,Rodrigo Muniz Carvalho,Muniz,Fulham,FWD,5.4,3,0.5,0.8,38,0,0,0,0,0.4,7.0,a,,0.56,0.09,0.514
272,Jonah Kusi-Asare,Kusi-Asare,Fulham,FWD,4.5,0,0.0,0.0,0,0,0,0,0,5.4,0.0,a,,0.0,0.0,0.212
569,Gonzalo García,Gonzalo,Fulham,FWD,6.0,14,2.0,2.8,425,1,0,2,0,4.1,22.1,a,,2.33,0.33,0.745
570,César Palacios,Palacios,Fulham,MID,5.4,12,0.5,3.0,226,1,0,0,1,0.2,14.0,a,,2.22,0.09,0.662
580,Shea Charles,Charles,Fulham,MID,5.0,13,4.5,2.6,303,0,0,1,0,0.1,14.5,a,,2.6,0.9,0.846
610,Luc De Fougerolles,De Fougerolles,Fulham,DEF,4.0,0,0.0,0.0,0,0,0,0,0,0.1,0.0,u,0.0,0.0,0.0,0.212
626,Macaulay Zepa,Zepa,Fulham,MID,4.4,0,0.0,0.0,0,0,0,0,0,0.3,0.0,a,,0.0,0.0,0.212
635,Hugo Larsson,Larsson,Fulham,MID,5.0,3,1.0,1.0,37,0,0,0,0,0.0,1.8,a,,0.6,0.2,0.574
636,Manuel Ángel Morán Ibáñez,Ángel,Fulham,MID,5.0,0,0.0,0.0,0,0,0,0,0,0.0,0.0,a,,0.0,0.0,0.212
650,David Affengruber,Affengruber,Fulham,DEF,4.5,12,6.0,6.0,180,0,0,1,0,0.1,6.6,a,,2.67,1.33,0.876
240,Tim Iroegbunam,Iroegbunam,Hull City,MID,5.0,2,0.5,0.7,70,0,0,0,0,0.0,3.1,a,100.0,0.4,0.1,0.501
273,Dillon Phillips,Phillips,Hull City,GKP,4.0,0,0.0,0.0,0,0,0,0,0,1.4,0.0,a,,0.0,0.0,0.212
274,Jack Butland,Butland,Hull City,GKP,4.4,0,0.0,0.0,0,0,0,0,0,0.1,0.0,i,0.0,0.0,0.0,0.212
275,Harvey Cartwright,Cartwright,Hull City,GKP,4.0,0,0.0,0.0,0,0,0,0,0,0.0,0.0,u,0.0,0.0,0.0,0.212
276,Thimothée Lo-Tutala,Lo-Tutala,Hull City,GKP,4.0,0,0.0,0.0,0,0,0,0,0,0.0,0.0,u,0.0,0.0,0.0,0.212
277,John Egan,Egan,Hull City,DEF,4.1,26,1.5,5.2,437,0,0,3,1,7.0,13.4,a,,6.34,0.37,0.887
278,Charlie Hughes,Hughes,Hull City,DEF,3.9,0,0.0,0.0,0,0,0,0,0,0.2,0.0,i,0.0,0.0,0.0,0.212
279,Semi Ajayi,Ajayi,Hull City,DEF,4.2,27,1.0,5.4,423,1,0,3,2,13.9,14.1,a,100.0,6.43,0.24,0.865
280,Lewie Coyle,Coyle,Hull City,DEF,4.0,14,1.0,2.8,348,0,0,2,0,0.7,6.5,a,100.0,3.5,0.25,0.801
281,Cody Drameh,Drameh,Hull City,DEF,4.0,2,0.0,1.0,65,0,0,0,0,0.0,0.8,u,0.0,0.5,0.0,0.398
282,Ryan Giles,Giles,Hull City,DEF,4.0,24,2.0,4.8,444,0,1,3,2,2.9,22.2,a,,6.0,0.5,0.904
283,Matty Jacob,Jacob,Hull City,DEF,4.0,0,0.0,0.0,0,0,0,0,0,0.0,0.0,u,0.0,0.0,0.0,0.212
284,Cathal McCarthy,McCarthy,Hull City,DEF,4.0,0,0.0,0.0,0,0,0,0,0,0.1,0.0,a,,0.0,0.0,0.212
285,Paddy McNair,McNair,Hull City,DEF,4.0,1,0.0,1.0,26,0,0,0,0,0.1,0.4,a,100.0,0.25,0.0,0.361
286,Mohamed Belloumi,Belloumi,Hull City,MID,5.1,31,8.5,6.2,394,2,2,3,2,5.2,32.5,a,,6.08,1.67,0.984
287,Liam Millar,Millar,Hull City,MID,5.0,6,0.0,3.0,50,1,0,0,0,0.0,5.2,u,0.0,1.2,0.0,0.472
288,Kieran Dowell,Dowell,Hull City,MID,4.4,0,0.0,0.0,0,0,0,0,0,0.3,0.0,a,,0.0,0.0,0.212
289,Matt Crooks,Crooks,Hull City,MID,4.4,3,0.5,1.0,203,0,0,1,0,0.5,5.4,a,100.0,0.68,0.11,0.561
290,Regan Slater,Slater,Hull City,MID,4.5,15,2.0,3.0,437,0,1,3,0,5.2,17.4,a,,3.33,0.44,0.831
291,Eliot Matazo,Matazo,Hull City,MID,4.5,0,0.0,0.0,0,0,0,0,0,0.0,0.0,i,0.0,0.0,0.0,0.212
292,Abdülkadir Ömür,Ömür,Hull City,MID,4.9,0,0.0,0.0,0,0,0,0,0,0.0,0.0,a,,0.0,0.0,0.212
293,Abu Kamara,Kamara,Hull City,MID,5.0,0,0.0,0.0,0,0,0,0,0,0.0,0.0,u,0.0,0.0,0.0,0.212
294,Óscar Zambrano,Zambrano,Hull City,MID,4.5,0,0.0,0.0,0,0,0,0,0,0.1,0.0,a,100.0,0.0,0.0,0.212
295,Oli McBurnie,McBurnie,Hull City,FWD,5.5,13,2.5,2.6,441,0,2,3,0,1.9,23.0,a,,2.36,0.45,0.772
296,David Akintola,Akintola,Hull City,MID,5.0,0,0.0,0.0,0,0,0,0,0,0.0,0.0,u,0.0,0.0,0.0,0.212
297,Darko Gyabi,Gyabi,Hull City,MID,4.4,0,0.0,0.0,0,0,0,0,0,0.0,0.0,i,0.0,0.0,0.0,0.212
298,Enis Destan,Destan,Hull City,FWD,4.5,0,0.0,0.0,0,0,0,0,0,0.2,0.0,u,0.0,0.0,0.0,0.212
299,Mason Burstow,Burstow,Hull City,FWD,4.5,0,0.0,0.0,0,0,0,0,0,0.0,0.0,u,0.0,0.0,0.0,0.212
340,Joe Gelhardt,Gelhardt,Hull City,MID,5.0,1,0.5,1.0,7,0,0,0,0,0.0,1.5,a,100.0,0.2,0.1,0.461
556,Matt Targett,Targett,Hull City,DEF,4.0,1,0.0,1.0,5,0,0,0,0,1.6,0.0,d,75.0,0.25,0.0,0.361
563,Hidemasa Morita,Morita,Hull City,MID,4.9,1,0.0,1.0,45,0,0,0,0,0.0,2.4,i,0.0,0.2,0.0,0.34
572,Konstantinos Tzolakis,Tzolakis,Hull City,GKP,4.7,34,4.0,6.8,450,0,0,3,6,12.8,15.0,a,,7.23,0.85,0.957
574,Jens Hjertø-Dahl,Hjertø-Dahl,Hull City,MID,4.9,1,0.0,1.0,8,0,0,0,0,0.1,0.0,a,,0.2,0.0,0.34
576,Elliot Stroud,Stroud,Hull City,MID,5.0,7,0.5,1.8,249,0,0,2,0,0.1,3.8,a,,1.4,0.1,0.609
585,Lucas Herrington,Herrington,Hull City,DEF,4.0,5,1.0,1.0,197,0,0,0,0,0.6,7.7,a,,1.25,0.25,0.65
586,Nobel Mendy,Mendy,Hull City,DEF,4.1,25,0.5,6.2,249,1,0,2,1,6.2,16.4,a,100.0,6.1,0.12,0.826
589,Lucas Gourna-Douath,Gourna-Douath,Hull City,MID,5.0,4,0.5,1.3,138,0,0,1,0,0.0,6.5,a,,0.8,0.1,0.562
617,Mohamed-Ali Cho,Cho,Hull City,MID,5.0,9,3.5,2.2,72,1,0,0,0,0.0,14.9,a,,1.8,0.7,0.77
632,Ilyas Ansah,Ansah,Hull City,FWD,5.0,0,0.0,0.0,0,0,0,0,0,0.0,0.0,i,0.0,0.0,0.0,0.212
637,Robinio Vaz,Vaz,Hull City,FWD,5.0,2,1.0,1.0,20,0,0,0,0,0.1,1.6,a,,0.4,0.2,0.541
638,Brooke Norton-Cuffy,Norton-Cuffy,Hull City,DEF,4.0,1,0.0,0.5,34,0,0,0,0,0.2,1.2,d,75.0,0.25,0.0,0.361
642,Sorba Thomas,Thomas,Hull City,MID,5.5,4,1.5,1.3,119,0,0,0,0,0.0,5.8,a,,0.73,0.27,0.613
645,Christos Mouzakitis,Mouzakitis,Hull City,MID,5.0,0,0.0,0.0,0,0,0,0,0,0.0,0.0,a,,0.0,0.0,0.212
259,Issa Diop,Diop,Ipswich Town,DEF,4.0,12,2.5,2.4,450,0,0,0,0,12.6,15.5,a,,3.0,0.62,0.849
267,Saša Lukić,Lukić,Ipswich Town,MID,4.9,11,1.5,2.2,400,0,1,0,0,0.1,15.8,a,,2.24,0.31,0.736
300,Christian Walton,Walton,Ipswich Town,GKP,4.4,2,1.0,2.0,90,0,0,0,0,0.4,1.2,a,,0.45,0.23,0.565
301,Alex Palmer,Palmer,Ipswich Town,GKP,4.0,0,0.0,0.0,0,0,0,0,0,3.9,0.0,a,,0.0,0.0,0.212
302,David Button,Button,Ipswich Town,GKP,4.0,0,0.0,0.0,0,0,0,0,0,0.6,0.0,a,,0.0,0.0,0.212
303,Cédric Kipré,Kipré,Ipswich Town,DEF,3.9,0,0.0,0.0,0,0,0,0,0,0.9,0.0,a,,0.0,0.0,0.212
304,Dara O'Shea,O'Shea,Ipswich Town,DEF,4.0,10,1.5,2.0,450,0,0,0,0,2.7,22.1,a,,2.5,0.38,0.773
305,Leif Davis,Davis,Ipswich Town,DEF,4.0,25,8.0,5.0,450,2,2,0,1,7.0,32.5,a,,6.25,2.0,0.99
306,Jacob Greaves,Greaves,Ipswich Town,DEF,4.0,3,0.5,0.8,357,0,0,0,0,1.1,9.0,a,,0.75,0.12,0.577
307,Ben Johnson,Johnson,Ipswich Town,DEF,4.0,0,0.0,0.0,0,0,0,0,0,0.1,0.0,u,0.0,0.0,0.0,0.212
308,Darnell Furlong,Furlong,Ipswich Town,DEF,3.9,1,0.0,1.0,17,0,0,0,0,0.6,0.6,a,,0.26,0.0,0.364
309,Marcelino Núñez,Núñez,Ipswich Town,MID,4.9,6,0.0,3.0,140,0,0,0,0,0.1,5.0,a,,1.22,0.0,0.475
310,Azor Matusiwa,Matusiwa,Ipswich Town,MID,4.9,0,0.0,0.0,0,0,0,0,0,0.0,0.0,a,100.0,0.0,0.0,0.212
311,Wes Burns,Burns,Ipswich Town,MID,5.0,0,0.0,0.0,0,0,0,0,0,0.0,0.0,u,0.0,0.0,0.0,0.212
312,Jack Taylor,Taylor,Ipswich Town,MID,4.4,0,0.0,0.0,0,0,0,0,0,0.0,0.0,i,0.0,0.0,0.0,0.212
313,Jack Clarke,Clarke,Ipswich Town,MID,5.4,11,1.5,2.8,170,1,0,0,1,0.2,15.2,a,,2.04,0.28,0.713
314,Chiedozie Ogbene,Ogbene,Ipswich Town,MID,4.9,0,0.0,0.0,0,0,0,0,0,0.0,0.0,u,0.0,0.0,0.0,0.212
315,Abdul Fatawu,Fatawu,Ipswich Town,MID,5.4,8,0.0,1.6,352,0,1,0,0,0.2,24.0,s,0.0,1.48,0.0,0.495
316,Emersonn Correia da Silva,Emersonn,Ipswich Town,FWD,5.5,26,7.0,5.2,317,2,1,0,6,3.6,25.3,a,100.0,4.73,1.27,0.951
317,George Hirst,Hirst,Ipswich Town,FWD,5.0,0,0.0,0.0,0,0,0,0,0,0.1,0.0,u,0.0,0.0,0.0,0.212
318,Jaden Philogene,Philogene,Ipswich Town,MID,5.4,2,1.0,1.0,52,0,0,0,0,0.1,2.2,a,100.0,0.37,0.19,0.528
319,Sam Szmodics,Szmodics,Ipswich Town,MID,5.0,0,0.0,0.0,0,0,0,0,0,0.0,0.0,u,0.0,0.0,0.0,0.212
320,Chuba Akpom,Akpom,Ipswich Town,FWD,5.0,7,0.5,2.3,78,1,0,0,0,1.2,6.1,a,,1.4,0.1,0.609
321,Sindre Walle Egeli,Walle Egeli,Ipswich Town,FWD,4.5,1,0.0,1.0,10,0,0,0,0,3.5,0.0,a,,0.22,0.0,0.351
322,Ali Al-Hamadi,Al-Hamadi,Ipswich Town,FWD,5.0,0,0.0,0.0,0,0,0,0,0,0.0,0.0,u,0.0,0.0,0.0,0.212
323,Kasey McAteer,McAteer,Ipswich Town,MID,4.4,3,0.0,1.0,42,0,0,0,0,1.0,1.4,a,,0.68,0.0,0.43
324,Anis Mehmeti,Mehmeti,Ipswich Town,MID,4.8,0,0.0,0.0,0,0,0,0,0,0.0,0.0,a,,0.0,0.0,0.212
554,Kayne van Oevelen,Van Oevelen,Ipswich Town,GKP,4.5,0,0.0,0.0,0,0,0,0,0,0.0,0.0,u,0.0,0.0,0.0,0.212
562,Daizen Maeda,Maeda,Ipswich Town,MID,5.3,8,1.0,1.6,259,0,0,0,0,0.2,8.1,a,,1.51,0.19,0.652
564,Kjell Scherpen,Scherpen,Ipswich Town,GKP,4.5,7,0.5,1.8,360,0,0,0,0,0.6,10.3,a,,1.56,0.11,0.633
571,Florentino Ibrain Morris Luís,Florentino,Ipswich Town,MID,4.8,2,1.0,1.0,30,0,0,0,0,0.1,3.2,a,100.0,0.42,0.21,0.553
591,Julio Enciso,Enciso,Ipswich Town,MID,5.5,15,2.0,3.0,413,0,2,0,0,0.8,23.6,a,100.0,2.73,0.36,0.784
592,Abdoul Ouattara,Ouattara,Ipswich Town,DEF,4.0,6,1.5,1.2,131,0,0,0,0,0.9,7.6,a,,1.5,0.38,0.694
602,Cameron Humphreys,Humphreys,Ipswich Town,MID,4.5,0,0.0,0.0,0,0,0,0,0,0.0,0.0,u,0.0,0.0,0.0,0.212
619,Exequiel Palacios,Palacios,Ipswich Town,MID,5.0,11,3.0,2.8,275,0,0,0,0,0.1,10.6,a,,2.2,0.6,0.785
640,Zian Flemming,Flemming,Ipswich Town,FWD,5.5,6,2.5,2.0,60,1,0,0,0,0.1,10.5,a,,1.09,0.45,0.671
260,Harry Wilson,Wilson,Leeds,MID,6.2,5,0.5,1.2,145,0,0,1,0,1.6,8.5,i,0.0,0.81,0.08,0.548
326,Lucas Estella Perri,Perri,Leeds,GKP,4.5,0,0.0,0.0,0,0,0,0,0,0.3,0.0,u,0.0,0.0,0.0,0.212
327,Jaka Bijol,Bijol,Leeds,DEF,5.0,12,0.0,4.0,164,0,0,1,2,0.7,5.4,a,,2.4,0.0,0.567
329,Joe Rodon,Rodon,Leeds,DEF,4.3,7,0.0,3.5,123,0,0,1,0,0.8,4.5,i,0.0,1.63,0.0,0.51
330,Jayden Bogle,Bogle,Leeds,DEF,4.6,42,10.0,8.4,365,2,0,4,6,7.4,26.2,a,,9.13,2.17,0.999
331,Gabriel Gudmundsson,Gudmundsson,Leeds,DEF,4.5,14,6.0,4.7,252,0,0,2,0,0.1,7.7,a,100.0,3.11,1.33,0.903
332,James Justin,Justin,Leeds,DEF,4.5,26,5.0,5.2,450,0,0,2,4,1.4,20.0,a,,5.78,1.11,0.96
333,Sebastiaan Bornauw,Bornauw,Leeds,DEF,4.5,0,0.0,0.0,0,0,0,0,0,0.0,0.0,u,0.0,0.0,0.0,0.212
334,Tarik Muharemović,Muharemović,Leeds,DEF,5.0,27,6.5,5.4,450,0,1,2,0,4.3,20.2,a,,5.4,1.3,0.967
335,Anton Stach,Stach,Leeds,MID,6.0,27,4.0,5.4,447,1,0,3,3,2.5,26.5,a,,4.5,0.67,0.906
336,Noah Okafor,Okafor,Leeds,MID,5.8,18,6.0,3.6,299,1,0,3,1,0.4,14.8,a,,3.1,1.03,0.883
337,Brenden Aaronson,Aaronson,Leeds,MID,5.3,7,1.0,1.4,194,0,0,1,0,0.5,2.5,a,,1.32,0.19,0.637
338,Ethan Ampadu,Ampadu,Leeds,MID,5.4,21,6.0,4.2,450,0,1,2,0,0.9,16.1,a,,3.89,1.11,0.918
339,Sean Longstaff,Longstaff,Leeds,MID,4.8,2,0.5,1.0,10,0,0,0,0,0.1,0.0,a,,0.42,0.1,0.51
341,Wilfried Gnonto,Gnonto,Leeds,MID,5.0,0,0.0,0.0,0,0,0,0,0,0.0,0.0,u,0.0,0.0,0.0,0.212
342,Jack Harrison,Harrison,Leeds,MID,5.0,0,0.0,0.0,0,0,0,0,0,0.0,0.0,u,0.0,0.0,0.0,0.212
343,Daniel James,James,Leeds,MID,4.9,3,1.0,1.0,52,0,0,0,0,0.1,1.9,a,,0.61,0.2,0.579
344,Ilia Gruev,Gruev,Leeds,MID,5.0,0,0.0,0.0,0,0,0,0,0,0.0,0.0,a,100.0,0.0,0.0,0.212
345,Tanaka Ao,Tanaka,Leeds,MID,4.9,14,4.0,3.5,255,0,2,2,0,0.3,8.6,a,,2.86,0.82,0.855
346,Dominic Calvert-Lewin,Calvert-Lewin,Leeds,FWD,6.0,22,6.0,4.4,419,2,1,3,4,24.8,28.2,a,,3.67,1.0,0.903
347,Lukas Nmecha,Nmecha,Leeds,FWD,5.4,7,1.0,1.8,64,0,1,0,0,0.5,5.7,a,,1.3,0.19,0.635
348,Joël Piroe,Piroe,Leeds,FWD,5.0,0,0.0,0.0,0,0,0,0,0,0.1,0.0,u,0.0,0.0,0.0,0.212
349,Mateo Joseph Fernández-Regatillo,Mateo Joseph,Leeds,FWD,4.5,0,0.0,0.0,0,0,0,0,0,0.1,0.0,i,0.0,0.0,0.0,0.212
385,James Trafford,Trafford,Leeds,GKP,5.0,28,6.5,5.6,450,0,0,2,5,5.5,14.9,a,,5.6,1.3,0.968
598,Nico Elvedi,Elvedi,Leeds,DEF,4.5,13,4.0,3.2,326,0,0,1,0,0.1,14.8,a,,2.89,0.89,0.864
603,Jayden Lienou,Lienou,Leeds,DEF,4.0,0,0.0,0.0,0,0,0,0,0,0.1,0.0,a,,0.0,0.0,0.212
604,Alfie Cresswell,Cresswell,Leeds,MID,4.5,0,0.0,0.0,0,0,0,0,0,0.1,0.0,a,,0.0,0.0,0.212
625,Alex Cairns,Cairns,Leeds,GKP,4.0,0,0.0,0.0,0,0,0,0,0,0.2,0.0,a,,0.0,0.0,0.212
629,Michael Zetterer,Zetterer,Leeds,GKP,4.0,0,0.0,0.0,0,0,0,0,0,0.7,0.0,a,,0.0,0.0,0.212
641,Melvin Bard,Bard,Leeds,DEF,4.5,1,0.5,1.0,18,0,0,0,0,0.0,1.5,a,,0.22,0.11,0.483
648,Jean-Mattéo Bahoya,Bahoya,Leeds,MID,5.0,1,0.5,1.0,1,0,0,0,0,0.0,0.1,a,,0.2,0.1,0.461
350,Alisson Becker,A.Becker,Liverpool,GKP,5.5,27,8.5,5.4,450,0,0,3,5,4.2,9.9,a,,4.91,1.55,0.964
351,Giorgi Mamardashvili,Mamardashvili,Liverpool,GKP,4.8,0,0.0,0.0,0,0,0,0,0,0.1,0.0,a,,0.0,0.0,0.212
352,Freddie Woodman,Woodman,Liverpool,GKP,4.0,0,0.0,0.0,0,0,0,0,0,1.0,0.0,a,,0.0,0.0,0.212
353,Armin Pecsi,Pecsi,Liverpool,GKP,4.0,0,0.0,0.0,0,0,0,0,0,0.0,0.0,u,0.0,0.0,0.0,0.212
354,Vitezslav Jaros,Jaros,Liverpool,GKP,4.0,0,0.0,0.0,0,0,0,0,0,0.0,0.0,i,0.0,0.0,0.0,0.212
355,Harvey Davies,Davies,Liverpool,GKP,4.0,0,0.0,0.0,0,0,0,0,0,0.2,0.0,a,,0.0,0.0,0.212
356,Virgil van Dijk,Virgil,Liverpool,DEF,6.5,25,8.0,5.0,450,0,0,3,0,16.2,17.4,a,,3.85,1.23,0.922
357,Jeremie Frimpong,Frimpong,Liverpool,DEF,5.3,2,0.5,0.7,178,0,0,0,0,1.8,13.2,a,,0.38,0.09,0.488
358,Milos Kerkez,Kerkez,Liverpool,DEF,5.3,13,3.5,2.6,385,0,0,2,0,2.2,13.7,a,,2.45,0.66,0.816
359,Joe Gomez,Gomez,Liverpool,DEF,4.9,0,0.0,0.0,0,0,0,0,0,0.0,0.0,a,100.0,0.0,0.0,0.212
360,Conor Bradley,Bradley,Liverpool,DEF,5.0,0,0.0,0.0,0,0,0,0,0,0.0,0.0,i,0.0,0.0,0.0,0.212
361,Wellity Lucky,Lucky,Liverpool,DEF,4.0,0,0.0,0.0,0,0,0,0,0,0.1,0.0,a,,0.0,0.0,0.212
362,Jeremy Jacquet,Jacquet,Liverpool,DEF,5.0,24,7.5,4.8,415,0,0,3,3,3.5,15.5,d,75.0,4.8,1.5,0.96
363,Giovanni Leoni,Leoni,Liverpool,DEF,4.0,0,0.0,0.0,0,0,0,0,0,0.0,0.0,i,0.0,0.0,0.0,0.212
364,Kostas Tsimikas,Tsimikas,Liverpool,DEF,4.9,2,0.5,1.0,64,0,0,0,0,0.1,1.8,a,,0.41,0.1,0.506
365,Calvin Ramsay,Ramsay,Liverpool,DEF,4.0,0,0.0,0.0,0,0,0,0,0,0.1,0.0,u,0.0,0.0,0.0,0.212
366,Florian Wirtz,Wirtz,Liverpool,MID,7.3,18,4.5,3.6,402,0,2,3,0,5.7,31.4,a,,2.47,0.62,0.814
367,Cody Gakpo,Gakpo,Liverpool,MID,7.2,32,2.0,6.4,370,1,3,2,5,12.2,35.2,d,75.0,4.44,0.28,0.835
368,Dominik Szoboszlai,Szoboszlai,Liverpool,MID,6.9,20,2.5,4.0,440,1,0,3,1,32.6,34.4,a,,2.9,0.36,0.795
369,Rio Ngumoha,Ngumoha,Liverpool,MID,5.7,4,0.5,1.3,99,0,0,0,0,0.5,2.1,a,,0.7,0.09,0.546
370,Federico Chiesa,Chiesa,Liverpool,MID,5.3,0,0.0,0.0,0,0,0,0,0,0.0,0.0,i,0.0,0.0,0.0,0.212
371,Ryan Gravenberch,Gravenberch,Liverpool,MID,5.8,9,1.0,1.8,190,0,1,0,0,1.1,9.9,a,,1.55,0.17,0.648
372,Alexis Mac Allister,Mac Allister,Liverpool,MID,5.4,11,3.0,2.2,306,0,0,2,0,1.3,13.5,a,,2.04,0.56,0.766
373,Curtis Jones,C.Jones,Liverpool,MID,5.5,0,0.0,0.0,0,0,0,0,0,0.0,0.0,u,0.0,0.0,0.0,0.212
374,Endo Wataru,Endo,Liverpool,MID,4.9,0,0.0,0.0,0,0,0,0,0,0.1,0.0,a,100.0,0.0,0.0,0.212
375,Trey Nyoni,Nyoni,Liverpool,MID,4.9,3,0.5,1.0,38,0,0,0,0,0.0,1.9,a,,0.61,0.1,0.54
376,Stefan Bajčetić Maquieira,Bajcetic,Liverpool,MID,5.0,0,0.0,0.0,0,0,0,0,0,0.0,0.0,u,0.0,0.0,0.0,0.212
377,Victor Munoz,Munoz,Liverpool,MID,6.5,15,1.0,3.0,257,1,1,1,0,0.9,18.5,a,,2.31,0.15,0.701
378,James McConnell,McConnell,Liverpool,MID,4.4,0,0.0,0.0,0,0,0,0,0,0.2,0.0,a,,0.0,0.0,0.212
379,Alexander Isak,Isak,Liverpool,FWD,9.1,33,5.0,6.6,413,4,0,3,8,22.1,40.0,d,75.0,3.63,0.55,0.86
380,Hugo Ekitiké,Ekitiké,Liverpool,FWD,7.4,0,0.0,0.0,0,0,0,0,0,0.1,0.0,i,0.0,0.0,0.0,0.212
381,Lewis Koumas,Koumas,Liverpool,MID,5.0,3,0.5,1.0,22,0,0,0,0,0.0,2.9,a,,0.6,0.1,0.535
382,Jayden Danns,Danns,Liverpool,FWD,4.5,0,0.0,0.0,0,0,0,0,0,0.2,0.0,a,100.0,0.0,0.0,0.212
383,Harvey Elliott,Elliott,Liverpool,MID,5.4,0,0.0,0.0,0,0,0,0,0,0.0,0.0,u,0.0,0.0,0.0,0.212
579,Ronald Araujo,Araujo,Liverpool,DEF,5.4,22,6.5,4.4,284,0,0,3,1,3.1,7.7,a,,4.07,1.2,0.929
627,Bradley Barcola,Barcola,Liverpool,MID,8.0,7,3.0,2.3,168,0,0,2,0,1.9,7.0,a,,0.88,0.38,0.647
155,Enzo Fernández,Enzo,Man City,MID,6.9,13,4.5,3.2,271,1,0,2,0,3.7,17.8,a,,1.88,0.65,0.775
237,Iliman Ndiaye,Ndiaye,Man City,MID,5.8,22,3.0,4.4,385,0,2,2,1,6.7,26.1,a,,3.79,0.52,0.859
384,Gianluigi Donnarumma,Donnarumma,Man City,GKP,5.5,19,4.5,3.8,450,0,0,2,0,7.6,11.4,a,,3.45,0.82,0.883
386,Marcus Bettinelli,Bettinelli,Man City,GKP,4.5,0,0.0,0.0,0,0,0,0,0,0.0,0.0,a,,0.0,0.0,0.212
387,Nico O'Reilly,O'Reilly,Man City,DEF,6.3,6,1.0,1.5,163,0,0,0,0,10.8,9.0,d,75.0,0.95,0.16,0.602
388,Marc Guéhi,Guéhi,Man City,DEF,6.0,30,5.0,6.0,450,1,1,2,4,18.1,24.3,a,,5.0,0.83,0.934
389,Matheus Nunes,Matheus N.,Man City,DEF,5.9,11,5.0,3.7,213,0,0,1,1,1.0,7.0,a,100.0,1.86,0.85,0.789
390,Rúben dos Santos Gato Alves Dias,Rúben,Man City,DEF,5.5,17,3.5,3.4,450,0,0,2,0,1.9,18.7,a,,3.09,0.64,0.855
391,Joško Gvardiol,Gvardiol,Man City,DEF,5.7,37,7.5,7.4,434,1,3,2,6,26.9,24.0,a,,6.49,1.32,0.982
392,Rayan Aït-Nouri,Aït-Nouri,Man City,DEF,5.2,0,0.0,0.0,0,0,0,0,0,0.4,0.0,a,,0.0,0.0,0.212
393,Abdukodir Khusanov,Khusanov,Man City,DEF,5.4,9,0.0,3.0,268,0,0,1,0,1.4,6.8,a,,1.67,0.0,0.513
394,Max Alleyne,Alleyne,Man City,DEF,5.0,0,0.0,0.0,0,0,0,0,0,0.0,0.0,u,0.0,0.0,0.0,0.212
395,Rico Lewis,Lewis,Man City,DEF,4.4,1,0.0,1.0,56,0,0,0,0,0.2,4.7,a,,0.23,0.0,0.356
396,Vitor de Oliveira Nunes dos Reis,Vitor Reis,Man City,DEF,4.5,1,0.0,1.0,1,0,0,0,0,0.0,0.2,a,,0.22,0.0,0.351
397,Antoine Semenyo,Semenyo,Man City,MID,8.4,33,10.0,6.6,450,2,3,2,2,15.1,43.4,d,75.0,3.93,1.19,0.922
398,Phil Foden,Foden,Man City,MID,6.9,9,-1.0,2.2,217,0,2,0,1,1.8,22.3,s,0.0,1.3,-0.14,0.384
399,Rayan Cherki,Cherki,Man City,MID,7.8,34,4.5,6.8,302,3,2,1,5,28.4,47.3,a,,4.36,0.58,0.889
400,Jérémy Doku,Doku,Man City,MID,7.4,1,0.5,1.0,15,0,0,0,0,0.7,2.2,a,100.0,0.14,0.07,0.427
402,Rodrigo 'Rodri' Hernandez Cascante,Rodrigo,Man City,MID,6.5,0,0.0,0.0,0,0,0,0,0,0.0,0.0,u,0.0,0.0,0.0,0.212
404,Tijjani Reijnders,Reijnders,Man City,MID,6.0,0,0.0,0.0,0,0,0,0,0,0.0,0.0,u,0.0,0.0,0.0,0.212
406,Mateo Kovačić,Kovačić,Man City,MID,5.3,2,0.0,1.0,42,0,0,0,0,0.1,0.9,a,,0.38,0.0,0.378
407,Claudio Echeverri,Echeverri,Man City,MID,4.9,0,0.0,0.0,0,0,0,0,0,0.0,0.0,u,0.0,0.0,0.0,0.212
408,Kalvin Phillips,Phillips,Man City,MID,5.0,0,0.0,0.0,0,0,0,0,0,0.0,0.0,u,0.0,0.0,0.0,0.212
409,Divine Mukasa,Mukasa,Man City,MID,4.5,0,0.0,0.0,0,0,0,0,0,0.1,0.0,u,0.0,0.0,0.0,0.212
410,Jeremy Monga,Monga,Man City,MID,4.9,0,0.0,0.0,0,0,0,0,0,0.0,0.0,u,0.0,0.0,0.0,0.212
411,Erling Haaland,Haaland,Man City,FWD,15.6,39,7.5,7.8,450,5,0,2,9,73.9,46.5,a,,2.5,0.48,0.788
481,Elliot Anderson,Anderson,Man City,MID,6.3,15,3.5,3.0,413,0,0,2,0,4.0,18.4,a,100.0,2.38,0.56,0.795
587,Gerónimo Rulli,Rulli,Man City,GKP,5.0,0,0.0,0.0,0,0,0,0,0,0.0,0.0,a,,0.0,0.0,0.212
616,Ayyoub Bouaddi,Bouaddi,Man City,MID,5.5,2,0.0,1.0,22,0,0,0,0,0.2,1.8,a,,0.36,0.0,0.371
621,Ryan McAidoo,McAidoo,Man City,MID,4.5,2,0.0,1.0,11,0,0,0,0,0.1,0.8,a,,0.44,0.0,0.393
622,Kaden Braithwaite,Braithwaite,Man City,DEF,4.0,1,0.0,1.0,1,0,0,0,0,0.2,0.1,a,,0.25,0.0,0.361
628,Allan Andrade Elias,Allan,Man City,MID,6.0,0,0.0,0.0,0,0,0,0,0,0.0,0.0,a,,0.0,0.0,0.212
653,Floyd Samba,Samba,Man City,MID,4.5,0,0.0,0.0,0,0,0,0,0,0.0,0.0,a,,0.0,0.0,0.212
43,Youri Tielemans,Tielemans,Man Utd,MID,5.8,14,2.7,2.8,402,0,0,0,0,1.5,24.4,a,100.0,2.41,0.47,0.781
131,Carlos Baleba,Baleba,Man Utd,MID,4.9,0,0.0,0.0,0,0,0,0,0,0.1,0.0,a,100.0,0.0,0.0,0.212
162,Andrey Nascimento dos Santos,Andrey Santos,Man Utd,MID,4.8,4,0.3,1.3,82,0,0,0,0,0.6,3.9,a,,0.83,0.06,0.547
325,Karl Darlow,Darlow,Man Utd,GKP,4.5,0,0.0,0.0,0,0,0,0,0,0.0,0.0,d,75.0,0.0,0.0,0.212
412,Senne Lammens,Lammens,Man Utd,GKP,4.9,11,2.7,2.2,450,0,0,0,0,9.9,13.3,a,,2.24,0.55,0.783
413,Altay Bayındır,Bayindir,Man Utd,GKP,4.5,0,0.0,0.0,0,0,0,0,0,0.0,0.0,u,0.0,0.0,0.0,0.212
414,Tom Heaton,Heaton,Man Utd,GKP,4.0,0,0.0,0.0,0,0,0,0,0,0.1,0.0,i,0.0,0.0,0.0,0.212
415,Patrick Dorgu,Dorgu,Man Utd,MID,5.8,10,3.0,2.0,171,0,1,0,0,0.5,15.6,d,75.0,1.72,0.52,0.738
416,Matthijs de Ligt,De Ligt,Man Utd,DEF,4.9,0,0.0,0.0,0,0,0,0,0,0.0,0.0,i,0.0,0.0,0.0,0.212
417,Diogo Dalot Teixeira,Dalot,Man Utd,DEF,4.9,8,1.7,1.6,346,0,0,0,0,1.6,20.2,a,,1.63,0.35,0.698
418,Harry Maguire,Maguire,Man Utd,DEF,4.8,10,1.7,2.0,450,0,1,0,0,8.6,18.6,a,,2.08,0.35,0.729
419,Lisandro Martínez,Martinez,Man Utd,DEF,4.9,6,1.7,1.5,360,0,0,0,0,1.3,11.8,a,100.0,1.22,0.35,0.663
420,Leny Yoro,Yoro,Man Utd,DEF,4.8,2,0.3,1.0,22,0,0,0,0,0.5,1.3,a,,0.42,0.06,0.49
421,Ayden Heaven,Heaven,Man Utd,DEF,4.3,1,0.0,1.0,90,0,0,0,0,0.3,2.0,a,,0.23,0.0,0.356
422,Noussair Mazraoui,Mazraoui,Man Utd,DEF,4.4,3,0.3,1.0,97,0,0,0,0,0.5,6.4,d,75.0,0.68,0.07,0.532
423,Luke Shaw,Shaw,Man Utd,DEF,4.3,9,2.0,2.2,335,0,1,0,0,7.6,20.1,a,100.0,2.09,0.47,0.754
424,Harry Amass,Amass,Man Utd,DEF,4.0,0,0.0,0.0,0,0,0,0,0,0.2,0.0,a,,0.0,0.0,0.212
425,Tyler Fredricson,Fredricson,Man Utd,DEF,4.0,0,0.0,0.0,0,0,0,0,0,0.0,0.0,u,0.0,0.0,0.0,0.212
426,Bruno Borges Fernandes,B.Fernandes,Man Utd,MID,11.9,31,2.0,6.2,450,3,1,0,3,38.4,54.6,a,,2.61,0.17,0.731
427,Bryan Mbeumo,Mbeumo,Man Utd,MID,7.9,25,4.0,5.0,450,2,1,0,3,20.5,44.2,a,,3.16,0.51,0.839
428,Matheus Santos Carneiro da Cunha,Cunha,Man Utd,MID,7.9,26,5.0,5.2,407,1,2,1,4,5.8,30.0,a,,3.29,0.63,0.865
429,Marcus Rashford,Rashford,Man Utd,MID,7.0,10,2.3,2.0,351,0,0,1,0,1.4,37.3,d,75.0,1.43,0.33,0.675
430,Mason Mount,Mount,Man Utd,MID,5.4,1,0.3,1.0,10,0,0,0,0,0.0,0.7,a,100.0,0.19,0.06,0.431
431,Amad Diallo,Amad,Man Utd,MID,5.7,0,0.0,0.0,0,0,0,0,0,0.3,0.0,i,0.0,0.0,0.0,0.212
432,Kobbie Mainoo,Mainoo,Man Utd,MID,5.5,22,5.7,4.4,354,0,1,0,2,1.6,19.3,d,75.0,4.0,1.04,0.918
433,Manuel Ugarte Ribeiro,Ugarte,Man Utd,MID,5.0,0,0.0,0.0,0,0,0,0,0,0.0,0.0,i,0.0,0.0,0.0,0.212
434,Jack Fletcher,J.Fletcher,Man Utd,MID,4.9,0,0.0,0.0,0,0,0,0,0,0.0,0.0,a,,0.0,0.0,0.212
435,Shea Lacey,Lacey,Man Utd,MID,4.9,1,0.0,1.0,10,0,0,0,0,0.1,0.1,a,,0.2,0.0,0.34
436,Toby Collyer,Collyer,Man Utd,MID,5.0,0,0.0,0.0,0,0,0,0,0,0.0,0.0,u,0.0,0.0,0.0,0.212
437,Bendito Mantato,Bendito Mantato,Man Utd,MID,4.4,0,0.0,0.0,0,0,0,0,0,0.2,0.0,a,,0.0,0.0,0.212
438,Tyler Fletcher,Fletcher,Man Utd,MID,4.4,0,0.0,0.0,0,0,0,0,0,0.3,0.0,a,,0.0,0.0,0.212
439,Benjamin Sesko,Šeško,Man Utd,FWD,7.0,8,2.0,2.0,76,1,0,0,0,1.6,8.2,d,75.0,1.14,0.29,0.648
440,Joshua Zirkzee,Zirkzee,Man Utd,FWD,5.3,2,0.7,1.0,20,0,0,0,0,0.4,2.2,a,,0.38,0.13,0.517
441,Chido Obi,Obi,Man Utd,FWD,4.5,0,0.0,0.0,0,0,0,0,0,0.9,0.0,u,0.0,0.0,0.0,0.212
405,Nico González Iglesias,N.Gonzalez,Newcastle,MID,5.5,5,0.5,1.7,164,0,0,1,0,0.2,5.8,a,100.0,0.91,0.09,0.561
442,Nick Pope,Pope,Newcastle,GKP,4.9,0,0.0,0.0,0,0,0,0,0,0.9,0.0,a,,0.0,0.0,0.212
443,Mark Gillespie,Gillespie,Newcastle,GKP,4.5,0,0.0,0.0,0,0,0,0,0,0.0,0.0,a,,0.0,0.0,0.212
444,Ewen Jaouen,Jaouen,Newcastle,GKP,4.4,0,0.0,0.0,0,0,0,0,0,0.0,0.0,d,50.0,0.0,0.0,0.212
445,Malick Thiaw,Thiaw,Newcastle,DEF,5.0,14,3.0,2.8,450,0,0,1,0,2.2,12.7,a,,2.8,0.6,0.832
446,Fabian Schär,Schär,Newcastle,DEF,4.9,2,0.5,1.0,25,0,0,0,0,0.2,3.6,a,100.0,0.41,0.1,0.506
447,Sven Botman,Botman,Newcastle,DEF,5.0,15,3.0,3.0,450,0,0,1,0,0.7,16.4,a,,3.0,0.6,0.845
448,Dan Burn,Burn,Newcastle,DEF,4.8,0,0.0,0.0,0,0,0,0,0,0.7,0.0,i,0.0,0.0,0.0,0.212
449,Lewis Hall,Hall,Newcastle,DEF,5.3,31,6.5,6.2,449,1,1,1,6,17.5,30.2,a,,5.85,1.23,0.967
450,Tino Livramento,Livramento,Newcastle,DEF,4.9,4,1.5,2.0,33,0,1,0,0,0.1,1.3,d,75.0,0.82,0.31,0.625
451,Alex Murphy,A.Murphy,Newcastle,DEF,4.0,0,0.0,0.0,0,0,0,0,0,0.1,0.0,u,0.0,0.0,0.0,0.212
453,Harvey Barnes,Barnes,Newcastle,MID,6.1,28,5.5,5.6,450,1,3,1,3,5.9,28.2,a,,4.59,0.9,0.927
454,Anthony Elanga,Elanga,Newcastle,MID,6.1,18,0.0,6.0,232,2,0,1,2,4.4,19.4,i,0.0,2.95,0.0,0.605
456,Jacob Ramsey,J.Ramsey,Newcastle,MID,4.8,7,0.0,2.3,69,1,0,0,0,0.2,6.7,i,0.0,1.46,0.0,0.494
457,Jacob Murphy,J.Murphy,Newcastle,MID,5.9,3,0.5,0.6,181,0,0,0,0,0.1,4.9,a,,0.51,0.08,0.503
458,Joelinton Cássio Apolinário de Lira,Joelinton,Newcastle,MID,5.4,0,0.0,0.0,0,0,0,0,0,0.0,0.0,i,0.0,0.0,0.0,0.212
459,Lewis Miley,L.Miley,Newcastle,MID,5.5,12,2.0,2.4,396,0,0,1,0,0.1,12.0,d,75.0,2.18,0.36,0.737
460,Joe Willock,Willock,Newcastle,MID,5.0,22,5.5,4.4,284,2,0,1,3,0.6,19.4,a,,4.4,1.1,0.931
461,Bazoumana Touré,Touré,Newcastle,MID,5.8,8,3.5,2.7,50,1,0,0,0,0.1,6.4,a,,1.38,0.6,0.723
462,Sean Steur,Steur,Newcastle,MID,4.9,8,2.5,1.6,223,0,0,1,0,0.1,8.8,a,,1.63,0.51,0.73
463,Nick Woltemade,Woltemade,Newcastle,FWD,5.9,4,0.0,4.0,19,0,1,0,0,0.5,4.0,u,0.0,0.68,0.0,0.43
464,Yoane Wissa,Wissa,Newcastle,FWD,6.2,15,1.0,3.0,441,1,1,1,2,18.7,23.3,a,,2.42,0.16,0.715
465,William Osula,Osula,Newcastle,FWD,5.8,4,0.0,4.0,55,0,1,0,0,0.3,5.0,i,0.0,0.69,0.0,0.434
466,Sean Neave,Neave,Newcastle,FWD,4.5,0,0.0,0.0,0,0,0,0,0,0.5,0.0,u,0.0,0.0,0.0,0.212
559,Aladji Bamba,Bamba,Newcastle,MID,4.9,3,1.0,1.0,27,0,0,0,0,0.1,1.2,a,,0.61,0.2,0.579
567,Lukás Hornícek,Horníček,Newcastle,GKP,5.0,14,2.0,2.8,450,0,0,1,0,1.5,15.5,a,,2.8,0.4,0.798
593,Amar Dedic,Dedić,Newcastle,DEF,4.5,13,0.0,3.2,327,0,1,1,2,1.8,12.6,i,0.0,2.89,0.0,0.602
609,Leo Shahar,Shahar,Newcastle,DEF,4.0,0,0.0,0.0,0,0,0,0,0,0.2,0.0,u,0.0,0.0,0.0,0.212
634,Matias Fernandez-Pardo,Fernandez-Pardo,Newcastle,FWD,6.0,4,1.5,1.3,157,0,0,0,0,0.1,3.1,a,,0.67,0.25,0.596
659,Mason Miley,Miley,Newcastle,MID,4.5,0,0.0,0.0,0,0,0,0,0,0.0,0.0,a,,0.0,0.0,0.212
663,Miodrag Pivas,Pivas,Newcastle,DEF,4.0,0,0.0,0.0,0,0,0,0,0,0.0,0.0,a,,0.0,0.0,0.212
664,Vakhtang Salia,Salia,Newcastle,FWD,4.5,0,0.0,0.0,0,0,0,0,0,0.1,0.0,a,,0.0,0.0,0.212
665,Michael Mills,Mills,Newcastle,MID,4.5,0,0.0,0.0,0,0,0,0,0,0.0,0.0,a,,0.0,0.0,0.212
666,Kyran Thompson,Thompson,Newcastle,MID,4.5,0,0.0,0.0,0,0,0,0,0,0.0,0.0,a,,0.0,0.0,0.212
167,Liam Delap,Delap,Nott'm Forest,FWD,5.6,9,3.0,2.2,277,1,0,1,0,2.7,17.9,a,,1.61,0.54,0.733
201,Daniel Muñoz Mejía,Muñoz,Nott'm Forest,DEF,5.4,5,2.0,1.2,257,0,0,0,0,5.7,18.1,a,,0.93,0.37,0.648
467,Matz Sels,Sels,Nott'm Forest,GKP,5.0,14,2.5,2.8,450,0,0,1,0,1.6,8.2,a,,2.8,0.5,0.813
468,John Victor Maciel Furtado,John,Nott'm Forest,GKP,4.5,0,0.0,0.0,0,0,0,0,0,0.1,0.0,a,,0.0,0.0,0.212
469,Neco Williams,N.Williams,Nott'm Forest,DEF,5.0,19,2.0,3.8,450,0,1,1,1,8.7,25.6,a,,3.8,0.4,0.839
470,Felipe Rodrigues da Silva,Morato,Nott'm Forest,DEF,5.0,0,0.0,0.0,0,0,0,0,0,0.0,0.0,u,0.0,0.0,0.0,0.212
471,Nikola Milenković,Milenković,Nott'm Forest,DEF,5.4,12,0.0,4.0,270,0,0,1,0,1.0,7.0,i,0.0,2.22,0.0,0.552
472,Murillo Costa dos Santos,Murillo,Nott'm Forest,DEF,5.5,23,5.0,4.6,449,0,1,1,0,2.1,21.4,a,100.0,4.18,0.91,0.916
473,Ola Aina,Aina,Nott'm Forest,DEF,4.4,8,1.0,2.0,306,0,0,1,0,2.4,12.7,a,,1.82,0.23,0.693
474,Jair Paula da Cunha Filho,Jair Cunha,Nott'm Forest,DEF,4.5,11,0.5,2.8,360,0,0,1,0,0.2,8.6,a,100.0,2.44,0.11,0.703
475,Nicolò Savona,Savona,Nott'm Forest,DEF,4.5,0,0.0,0.0,0,0,0,0,0,0.0,0.0,i,0.0,0.0,0.0,0.212
476,Omar Richards,O.Richards,Nott'm Forest,DEF,4.0,0,0.0,0.0,0,0,0,0,0,0.2,0.0,a,,0.0,0.0,0.212
477,Zach Abbott,Abbott,Nott'm Forest,DEF,4.0,0,0.0,0.0,0,0,0,0,0,0.1,0.0,u,0.0,0.0,0.0,0.212
478,Luca Netz,Netz,Nott'm Forest,DEF,4.4,3,0.5,1.0,27,0,0,0,0,0.0,2.6,a,,0.68,0.11,0.561
479,Tyler Bindon,Bindon,Nott'm Forest,DEF,4.0,0,0.0,0.0,0,0,0,0,0,0.1,0.0,u,0.0,0.0,0.0,0.212
480,Morgan Gibbs-White,Gibbs-White,Nott'm Forest,MID,8.0,28,5.0,5.6,450,1,2,1,6,15.7,40.6,a,100.0,3.5,0.62,0.87
482,Callum Hudson-Odoi,Hudson-Odoi,Nott'm Forest,MID,5.8,1,0.0,1.0,1,0,0,0,0,0.1,0.0,a,100.0,0.17,0.0,0.327
483,Dan Ndoye,Ndoye,Nott'm Forest,MID,5.5,15,1.0,3.0,316,1,0,1,2,0.7,19.0,a,,2.73,0.18,0.742
484,Omari Hutchinson,Hutchinson,Nott'm Forest,MID,5.4,0,0.0,0.0,0,0,0,0,0,0.1,0.0,u,0.0,0.0,0.0,0.212
485,Dilane Bakwa,Bakwa,Nott'm Forest,MID,5.5,0,0.0,0.0,0,0,0,0,0,0.0,0.0,u,0.0,0.0,0.0,0.212
486,James McAtee,McAtee,Nott'm Forest,MID,5.5,12,2.5,2.4,416,0,0,2,0,0.1,27.6,a,,2.18,0.45,0.754
487,Nicolás Domínguez,Dominguez,Nott'm Forest,MID,4.9,1,0.0,1.0,1,0,0,0,0,0.1,0.0,a,,0.2,0.0,0.34
488,Ibrahim Sangaré,I.Sangaré,Nott'm Forest,MID,4.8,4,1.0,1.3,105,0,0,0,0,0.4,4.1,a,100.0,0.83,0.21,0.611
489,Ryan Yates,Yates,Nott'm Forest,MID,4.5,0,0.0,0.0,0,0,0,0,0,1.2,0.0,a,100.0,0.0,0.0,0.212
490,Chris Wood,Wood,Nott'm Forest,FWD,5.8,4,1.0,1.0,62,0,0,0,0,0.9,0.7,a,,0.69,0.17,0.581
491,Igor Jesus Maciel da Cruz,Igor Jesus,Nott'm Forest,FWD,5.8,12,4.0,2.4,257,1,0,0,2,2.6,19.6,a,,2.07,0.69,0.786
493,Arnaud Kalimuendo,Kalimuendo,Nott'm Forest,FWD,5.4,1,0.0,1.0,1,0,0,0,0,0.1,0.0,a,,0.19,0.0,0.332
558,Xaver Schlager,Schlager,Nott'm Forest,MID,5.0,13,2.5,2.6,376,0,0,1,0,0.1,12.5,a,,2.6,0.5,0.799
581,Ousmane Diomande,Diomande,Nott'm Forest,DEF,5.4,7,3.0,2.3,163,0,0,0,0,0.5,5.2,a,,1.3,0.56,0.711
590,Steven Benda,Benda,Nott'm Forest,GKP,4.5,0,0.0,0.0,0,0,0,0,0,0.1,0.0,a,,0.0,0.0,0.212
112,Jan Paul van Hecke,Van Hecke,Spurs,DEF,4.9,24,7.0,4.8,450,1,0,2,2,6.4,31.6,d,75.0,4.9,1.43,0.962
147,Tosin Adarabioyo,Tosin,Spurs,DEF,4.4,1,0.5,1.0,5,0,0,0,0,0.1,0.9,a,,0.23,0.11,0.488
401,Omar Marmoush,Marmoush,Spurs,FWD,7.0,8,2.0,2.0,339,0,0,2,0,2.1,12.9,a,,1.14,0.29,0.648
403,Sávio Moreira de Oliveira,Sávio,Spurs,MID,6.5,8,2.5,2.7,240,0,0,2,0,0.6,27.8,a,100.0,1.23,0.38,0.675
455,Sandro Tonali,Tonali,Spurs,MID,5.3,14,2.5,2.8,427,0,0,2,0,1.8,18.0,a,100.0,2.64,0.47,0.798
494,Guglielmo Vicario,Vicario,Spurs,GKP,4.5,0,0.0,0.0,0,0,0,0,0,0.1,0.0,u,0.0,0.0,0.0,0.212
495,Brandon Austin,Austin,Spurs,GKP,4.0,0,0.0,0.0,0,0,0,0,0,1.0,0.0,a,,0.0,0.0,0.212
496,Antonín Kinský,Kinsky,Spurs,GKP,4.5,18,4.5,3.6,450,0,0,2,0,17.2,11.5,a,,4.0,1.0,0.915
497,Martin Dubravka,Dubravka,Spurs,GKP,4.0,0,0.0,0.0,0,0,0,0,0,17.1,0.0,a,,0.0,0.0,0.212
498,Marcos Senesi Barón,Senesi,Spurs,DEF,5.8,3,0.0,3.0,90,0,0,0,0,3.5,3.9,a,,0.52,0.0,0.4
499,Pedro Porro Sauceda,Pedro Porro,Spurs,DEF,5.4,9,0.5,3.0,198,0,0,1,1,7.5,9.8,d,75.0,1.67,0.09,0.622
500,Cristian Romero,Romero,Spurs,DEF,5.0,0,0.0,0.0,0,0,0,0,0,0.1,0.0,u,0.0,0.0,0.0,0.212
502,Andrew Robertson,Robertson,Spurs,DEF,4.4,17,5.5,3.4,366,0,1,1,1,2.5,25.4,a,,3.86,1.25,0.924
503,Micky van de Ven,Van de Ven,Spurs,DEF,5.0,16,3.5,4.0,360,0,0,2,3,3.8,10.3,a,100.0,3.2,0.7,0.869
505,Djed Spence,Spence,Spurs,DEF,4.5,0,0.0,0.0,0,0,0,0,0,0.2,0.0,u,0.0,0.0,0.0,0.212
506,Destiny Udogie,Udogie,Spurs,DEF,4.4,7,0.0,2.3,86,0,0,1,0,0.3,2.7,a,100.0,1.59,0.0,0.504
507,Ashley Phillips,Phillips,Spurs,DEF,4.5,0,0.0,0.0,0,0,0,0,0,0.0,0.0,u,0.0,0.0,0.0,0.212
508,Ben Davies,Davies,Spurs,DEF,3.9,0,0.0,0.0,0,0,0,0,0,0.9,0.0,a,,0.0,0.0,0.212
509,Jun'ai Byfield,Byfield,Spurs,DEF,4.0,0,0.0,0.0,0,0,0,0,0,0.1,0.0,a,,0.0,0.0,0.212
510,James Rowswell,Rowswell,Spurs,DEF,4.0,0,0.0,0.0,0,0,0,0,0,0.1,0.0,a,,0.0,0.0,0.212
511,João Victor de Souza Menezes,Souza,Spurs,DEF,4.0,0,0.0,0.0,0,0,0,0,0,0.2,0.0,u,0.0,0.0,0.0,0.212
512,Mohammed Kudus,Kudus,Spurs,MID,6.5,7,2.5,1.8,123,0,1,0,0,0.2,11.2,a,100.0,1.08,0.38,0.66
513,Xavi Simons,Xavi,Spurs,MID,5.9,0,0.0,0.0,0,0,0,0,0,0.0,0.0,i,0.0,0.0,0.0,0.212
514,Mathys Tel,Tel,Spurs,MID,5.7,8,0.5,2.0,257,0,0,1,0,0.2,14.6,a,,1.4,0.09,0.598
515,James Maddison,Maddison,Spurs,MID,6.3,3,1.0,1.0,59,0,0,0,0,0.4,5.6,a,100.0,0.48,0.16,0.541
516,Rodrigo Bentancur,Bentancur,Spurs,MID,5.5,15,3.5,3.0,370,0,0,2,0,0.2,12.6,a,,2.73,0.64,0.835
517,Wilson Odobert,Odobert,Spurs,MID,5.5,0,0.0,0.0,0,0,0,0,0,0.0,0.0,i,0.0,0.0,0.0,0.212
518,Pape Matar Sarr,P.M.Sarr,Spurs,MID,4.9,0,0.0,0.0,0,0,0,0,0,0.1,0.0,u,0.0,0.0,0.0,0.212
519,Conor Gallagher,Gallagher,Spurs,MID,5.3,9,3.0,3.0,134,1,0,1,0,0.2,9.6,a,,1.7,0.57,0.746
520,Lucas Bergvall,Bergvall,Spurs,MID,5.3,3,1.0,1.0,78,0,0,0,0,0.1,2.9,a,,0.57,0.19,0.563
521,Dejan Kulusevski,Kulusevski,Spurs,MID,6.5,0,0.0,0.0,0,0,0,0,0,0.0,0.0,i,0.0,0.0,0.0,0.212
522,Archie Gray,Gray,Spurs,MID,4.9,9,2.5,2.2,307,0,0,1,0,0.2,7.0,a,,1.84,0.51,0.746
523,Mikey Moore,Moore,Spurs,MID,5.0,3,0.0,1.5,89,0,0,0,0,0.1,7.5,u,0.0,0.6,0.0,0.414
524,Callum Olusesi,Olusesi,Spurs,MID,4.4,0,0.0,0.0,0,0,0,0,0,1.0,0.0,a,,0.0,0.0,0.212
525,Mateus Fernandes,Fernandes,Spurs,MID,5.7,7,2.0,1.4,249,0,0,1,0,0.8,14.6,a,,1.23,0.35,0.665
526,Dominic Solanke-Mitchell,Solanke,Spurs,FWD,5.8,7,2.0,1.4,170,0,0,1,0,0.8,6.1,a,,1.21,0.34,0.659
527,Richarlison de Andrade,Richarlison,Spurs,FWD,5.9,2,0.0,2.0,67,0,0,0,0,0.6,0.2,u,0.0,0.34,0.0,0.37
528,Dane Scarlett,Scarlett,Spurs,FWD,4.5,0,0.0,0.0,0,0,0,0,0,1.1,0.0,u,0.0,0.0,0.0,0.212
578,Mykhailo Mudryk,Mudryk,Spurs,MID,5.3,1,0.0,1.0,16,0,0,0,0,0.0,0.1,i,0.0,0.19,0.0,0.332
601,Luca Williams-Barnett,Williams-Barnett,Spurs,MID,4.5,0,0.0,0.0,0,0,0,0,0,0.1,0.0,a,,0.0,0.0,0.212
501,Kevin Danso,Danso,Sunderland,DEF,5.0,3,0.5,1.0,270,0,0,0,0,0.2,11.0,a,,0.6,0.1,0.535
529,Robin Roefs,Roefs,Sunderland,GKP,4.9,11,1.0,2.2,450,0,0,1,0,2.4,7.3,a,,2.24,0.2,0.716
530,Anthony Patterson,Patterson,Sunderland,GKP,4.0,0,0.0,0.0,0,0,0,0,0,0.1,0.0,u,0.0,0.0,0.0,0.212
531,Melker Ellborg,Ellborg,Sunderland,GKP,4.4,0,0.0,0.0,0,0,0,0,0,0.1,0.0,a,,0.0,0.0,0.212
532,Daniel Ballard,Ballard,Sunderland,DEF,4.9,14,1.0,2.8,450,0,0,1,0,2.5,16.3,d,75.0,2.86,0.2,0.759
533,Nordi Mukiele,Mukiele,Sunderland,DEF,5.4,13,0.0,3.2,360,0,0,1,1,1.9,22.3,a,100.0,2.41,0.0,0.569
534,Trai Hume,Hume,Sunderland,DEF,4.3,10,0.5,2.5,206,0,0,1,0,2.8,11.5,a,,2.33,0.12,0.698
535,Omar Alderete,Alderete,Sunderland,DEF,4.8,1,0.0,1.0,23,0,0,0,0,0.2,0.0,a,100.0,0.21,0.0,0.347
536,Reinildo Mandava,Reinildo,Sunderland,DEF,4.4,7,-1.0,1.8,360,0,0,1,0,0.3,9.5,a,100.0,1.59,-0.23,0.405
537,Jenson Seelt,Seelt,Sunderland,DEF,4.5,0,0.0,0.0,0,0,0,0,0,0.0,0.0,u,0.0,0.0,0.0,0.212
538,Leo Fuhr Hjelde,Hjelde,Sunderland,DEF,4.0,0,0.0,0.0,0,0,0,0,0,0.0,0.0,u,0.0,0.0,0.0,0.212
539,Luke O'Nien,O'Nien,Sunderland,DEF,3.9,1,0.0,1.0,66,0,0,0,0,2.5,1.7,a,,0.26,0.0,0.364
540,Arthur Masuaku,Masuaku,Sunderland,DEF,4.0,0,0.0,0.0,0,0,0,0,0,0.1,0.0,u,0.0,0.0,0.0,0.212
541,Thomas Meunier,Meunier,Sunderland,DEF,4.5,14,2.5,2.8,396,0,1,1,0,0.3,15.6,a,100.0,3.11,0.56,0.844
542,Enzo Le Fée,E.Le Fée,Sunderland,MID,5.7,18,2.5,3.6,438,1,1,1,1,3.3,31.0,a,,3.16,0.44,0.824
543,Habib Diarra,Diarra,Sunderland,MID,5.3,5,0.0,2.5,28,0,1,0,0,0.0,2.9,i,0.0,0.94,0.0,0.456
544,Granit Xhaka,Xhaka,Sunderland,MID,5.5,21,1.5,4.2,450,0,1,1,5,3.6,28.8,a,,3.82,0.27,0.813
545,Noah Sadiki,Sadiki,Sunderland,MID,4.9,10,2.0,2.0,410,0,0,1,0,0.2,19.2,a,,2.04,0.41,0.741
546,Simon Adingra,Adingra,Sunderland,MID,4.9,0,0.0,0.0,0,0,0,0,0,0.0,0.0,u,0.0,0.0,0.0,0.212
547,Romaine Mundle,Mundle,Sunderland,MID,4.9,1,0.0,1.0,1,0,0,0,0,0.0,2.5,i,0.0,0.2,0.0,0.34
548,Chris Rigg,Rigg,Sunderland,MID,4.9,2,0.0,1.0,17,0,0,0,0,0.0,0.0,a,,0.41,0.0,0.385
549,Chemsdine Talbi,Talbi,Sunderland,MID,5.3,1,0.0,1.0,31,0,0,0,0,0.1,0.0,a,,0.19,0.0,0.332
550,Djiamgone Jocelin Ta Bi,Jocelin.T,Sunderland,MID,5.0,0,0.0,0.0,0,0,0,0,0,0.0,0.0,a,,0.0,0.0,0.212
551,Nilson Angulo,N.Angulo,Sunderland,MID,5.0,16,3.0,3.2,313,1,1,1,0,0.1,15.7,a,,3.2,0.6,0.857
552,Brian Brobbey,Brobbey,Sunderland,FWD,5.7,24,9.0,4.8,399,3,0,1,3,6.9,31.7,d,75.0,4.21,1.58,0.947
553,Wilson Isidor,Isidor,Sunderland,FWD,5.5,15,1.0,3.0,117,1,1,0,3,1.3,6.7,a,,2.73,0.18,0.742
612,Dayann Méthalie,Methalie,Sunderland,DEF,4.5,-1,-0.5,-1.0,90,0,0,0,0,0.0,1.2,a,100.0,-0.22,-0.11,0.004
613,Jules Ahoka,Ahoka,Sunderland,MID,4.5,0,0.0,0.0,0,0,0,0,0,0.2,0.0,a,,0.0,0.0,0.212
646,Malick Fofana,Fofana,Sunderland,MID,5.5,3,1.0,1.0,60,0,0,0,0,0.0,5.8,a,,0.55,0.18,0.551
651,Juan Angulo,J.Angulo,Sunderland,FWD,4.5,0,0.0,0.0,0,0,0,0,0,0.7,0.0,a,,0.0,0.0,0.212
