gameweek,name,deadline_date,finished,is_current
1,Gameweek 1,2026-08-21,True,False
2,Gameweek 2,2026-08-28,True,False
3,Gameweek 3,2026-09-04,True,False
4,Gameweek 4,2026-09-12,True,False
5,Gameweek 5,2026-09-18,True,True
6,Gameweek 6,2026-10-10,False,False
7,Gameweek 7,2026-10-17,False,False
8,Gameweek 8,2026-10-23,False,False
9,Gameweek 9,2026-10-31,False,False
10,Gameweek 10,2026-11-06,False,False
11,Gameweek 11,2026-11-21,False,False
12,Gameweek 12,2026-11-27,False,False
13,Gameweek 13,2026-12-02,False,False
14,Gameweek 14,2026-12-05,False,False
15,Gameweek 15,2026-12-12,False,False
16,Gameweek 16,2026-12-19,False,False
17,Gameweek 17,2026-12-26,False,False
18,Gameweek 18,2026-12-29,False,False
19,Gameweek 19,2027-01-01,False,False
20,Gameweek 20,2027-01-05,False,False
21,Gameweek 21,2027-01-16,False,False
22,Gameweek 22,2027-01-23,False,False
23,Gameweek 23,2027-01-30,False,False
24,Gameweek 24,2027-02-06,False,False
25,Gameweek 25,2027-02-10,False,False
26,Gameweek 26,2027-02-20,False,False
27,Gameweek 27,2027-02-27,False,False
28,Gameweek 28,2027-03-03,False,False
29,Gameweek 29,2027-03-13,False,False
30,Gameweek 30,2027-03-20,False,False
31,Gameweek 31,2027-04-10,False,False
32,Gameweek 32,2027-04-17,False,False
33,Gameweek 33,2027-04-24,False,False
34,Gameweek 34,2027-05-01,False,False
35,Gameweek 35,2027-05-08,False,False
36,Gameweek 36,2027-05-15,False,False
37,Gameweek 37,2027-05-23,False,False
38,Gameweek 38,2027-05-30,False,False
