player_id,web_name,full_name,team_id,position,price_m,selected_by_percent,form,total_points,status
1,Raya,David Raya Martín,1,GKP,6.1,42.3,7.5,30,a
2,Arrizabalaga,Kepa Arrizabalaga Revuelta,1,GKP,4.9,0.1,0.0,0,a
3,Meslier,Illan Meslier,1,GKP,4.9,0.0,0.0,0,a
4,Gabriel,Gabriel dos Santos Magalhães,1,DEF,8.0,22.7,5.0,25,a
5,J.Timber,Jurriën Timber,1,DEF,6.5,0.4,0.5,1,a
6,Saliba,William Saliba,1,DEF,5.9,0.2,0.0,0,i
7,Lewis-Skelly,Myles Lewis-Skelly,1,MID,5.4,0.6,0.5,9,a
8,Calafiori,Riccardo Calafiori,1,DEF,5.9,50.6,3.5,29,a
9,Hincapie,Piero Hincapié,1,DEF,5.2,0.9,0.0,2,a
10,White,Benjamin White,1,DEF,5.5,4.8,0.5,21,d
11,Mosquera,Cristhian Mosquera,1,DEF,5.3,1.6,0.0,12,a
12,Saka,Bukayo Saka,1,MID,9.6,14.2,5.0,32,a
13,Rice,Declan Rice,1,MID,7.4,11.5,3.5,20,d
14,Eze,Eberechi Eze,1,MID,6.2,1.0,1.0,4,a
15,Ødegaard,Martin Ødegaard,1,MID,6.8,19.8,2.5,29,a
16,Madueke,Noni Madueke,1,MID,6.2,0.2,0.0,2,a
17,Merino,Mikel Merino Zazón,1,MID,5.7,0.4,1.0,4,a
18,Martinelli,Gabriel Martinelli Silva,1,MID,6.3,0.1,0.0,0,u
19,Zubimendi,Martín Zubimendi Ibáñez,1,MID,5.3,0.6,1.0,5,a
20,Dowman,Max Dowman,1,MID,5.3,0.1,0.5,1,d
22,Nwaneri,Ethan Nwaneri,1,MID,5.4,0.0,0.0,0,u
23,Fábio Vieira,Fábio Ferreira Vieira,1,MID,5.5,0.0,0.0,0,u
24,Nelson,Reiss Nelson,1,MID,5.5,0.0,0.0,0,u
25,Gyökeres,Viktor Gyökeres,1,FWD,7.1,3.2,0.5,2,a
26,Havertz,Kai Havertz,1,FWD,7.6,8.1,1.5,19,d
27,G.Jesus,Gabriel Fernando de Jesus,1,FWD,5.9,0.1,0.0,0,u
31,Konsa,Ezri Konsa Ngoyo,1,DEF,4.6,19.2,3.5,12,d
452,Bruno G.,Bruno Guimarães Rodriguez Moura,1,MID,6.7,1.8,4.0,9,a
557,Tzolis,Christos Tzolis,1,MID,6.3,11.8,2.5,16,d
29,M.Bizot,Marco Bizot,2,GKP,4.5,0.1,0.0,1,i
30,Digne,Lucas Digne,2,DEF,4.5,0.0,0.0,0,u
32,Cash,Matty Cash,2,DEF,4.4,4.8,-0.5,6,a
33,Mings,Tyrone Mings,2,DEF,4.5,0.4,1.5,10,a
34,Pau,Pau Torres,2,DEF,4.4,0.3,0.5,3,i
35,Bogarde,Lamare Bogarde,2,MID,4.9,0.1,0.0,1,a
36,Maatsen,Ian Maatsen,2,DEF,4.4,0.5,0.5,9,i
37,Lindelöf,Victor Lindelöf,2,DEF,4.5,0.3,1.0,8,a
38,A.García,Andrés García,2,DEF,4.0,1.5,0.0,0,a
39,Nedeljkovic,Kosta Nedeljkovic,2,DEF,4.0,0.1,0.0,0,u
41,Buendía,Emiliano Buendía Stati,2,MID,5.9,1.0,7.0,21,a
44,Bailey,Leon Bailey,2,MID,5.4,0.1,0.0,0,u
45,McGinn,John McGinn,2,MID,5.4,2.2,6.0,17,a
46,Barkley,Ross Barkley,2,MID,5.0,0.3,1.5,10,a
47,Kamara,Boubacar Kamara,2,MID,5.0,0.3,4.0,15,a
48,Onana,Amadou Onana,2,MID,4.9,0.0,0.0,0,i
49,Iling Jr,Samuel Iling-Junior,2,MID,5.0,0.0,0.0,0,u
50,Burrowes,Bradley Burrowes,2,MID,4.5,0.6,0.0,0,a
51,George Hemmings,George Hemmings,2,MID,4.5,1.2,1.0,9,a
52,Alysson,Alysson Edward Franco da Rocha dos Santos,2,MID,5.0,0.0,3.0,8,d
53,Manzambi,Johan Manzambi,2,MID,5.9,0.4,7.0,14,a
54,Gomes,Joao Gomes,2,MID,5.5,0.0,2.0,2,a
55,Watkins,Ollie Watkins,2,FWD,7.8,2.5,0.0,0,u
56,Abraham,Tammy Abraham,2,FWD,5.5,0.2,1.0,4,a
160,Garnacho,Alejandro Garnacho Ferreyra,2,MID,5.8,0.3,0.0,3,a
166,N.Jackson,Nicolas Jackson,2,FWD,6.5,1.6,3.0,10,a
582,Madjo,Brian Madjo,2,FWD,5.4,0.2,0.0,0,i
596,Ruggeri,Matteo Ruggeri,2,DEF,4.5,0.1,1.5,5,a
597,Suzuki,Zion Suzuki,2,GKP,5.0,1.9,2.0,16,a
606,Rowe,Triston Rowe,2,DEF,4.0,0.2,0.0,0,a
607,Lynch,Luka Lynch,2,MID,4.5,0.1,0.0,0,u
611,Wan-Bissaka,Aaron Wan-Bissaka,2,DEF,4.5,0.2,2.0,6,a
618,Goretzka,Leon Goretzka,2,MID,5.9,0.0,0.0,0,i
630,Harwood-Bellis,Taylor Harwood-Bellis,2,DEF,4.5,0.0,0.0,0,a
631,Mbaye,Ibrahim Mbaye,2,MID,6.0,0.1,1.0,2,a
667,Wright,James Wright,2,GKP,4.0,0.1,0.0,0,a
57,Petrović,Đorđe Petrović,3,GKP,4.5,3.0,1.5,9,a
58,Forster,Fraser Forster,3,GKP,4.0,3.5,0.0,0,a
59,Dennis,Will Dennis,3,GKP,4.0,0.1,0.0,0,u
60,Hill,James Hill,3,DEF,5.5,0.8,3.0,12,a
61,Truffert,Adrien Truffert,3,DEF,5.4,3.0,2.5,10,a
62,Diakité,Bafodé Diakité,3,DEF,4.9,0.2,0.0,0,a
63,Milosavljević,Veljko Milosavljevic,3,DEF,4.9,0.0,0.0,0,i
64,Smith,Adam Smith,3,DEF,4.5,0.1,1.0,4,a
65,J.Araujo,Julián Araujo Zúñiga,3,DEF,4.4,0.0,0.0,0,i
66,Soler,Julio Soler Barreto,3,DEF,4.0,0.3,0.0,0,a
67,Rayan,Rayan Vitor Simplício Rocha,3,MID,6.3,1.6,2.0,10,a
68,Tavernier,Marcus Tavernier,3,MID,6.1,6.8,5.0,31,a
69,Scott,Alex Scott,3,MID,6.1,5.6,3.0,30,d
70,Kluivert,Justin Kluivert,3,MID,6.0,0.8,4.0,15,i
71,Cook,Lewis Cook,3,MID,5.0,0.2,0.5,8,a
72,Gannon-Doak,Ben Gannon-Doak,3,MID,4.9,0.1,1.0,4,a
73,Adams,Tyler Adams,3,MID,5.0,0.3,3.0,12,a
74,Brooks,David Brooks,3,MID,5.0,0.1,0.5,3,a
75,Christie,Ryan Christie,3,MID,5.0,0.0,1.5,5,a
76,Tóth.A,Alex Tóth,3,MID,4.9,0.0,0.5,2,a
77,Adli,Amine Adli,3,MID,4.9,0.0,0.0,0,i
78,Kroupi.Jr,Junior Kroupi,3,MID,7.4,0.2,0.0,0,i
79,Evanilson,Francisco Evanilson de Lima Barbosa,3,FWD,6.0,3.2,3.5,18,a
80,Enes Ünal,Enes Ünal,3,FWD,5.5,0.0,0.0,0,u
81,Rodríguez,Álvaro Rodríguez,3,FWD,6.0,0.1,0.5,2,a
566,Silva,António João Pereira de Albuquerque Tavares da Silva,3,DEF,5.0,0.4,3.0,13,a
573,Sanchez,Juanlu Sánchez,3,DEF,4.4,0.2,0.0,0,a
608,Jebbison,Daniel Jebbison,3,FWD,5.0,0.1,0.5,3,a
615,Di Gregorio,Michele Di Gregorio,3,GKP,4.5,0.0,0.0,0,a
82,Kelleher,Caoimhín Kelleher,4,GKP,5.0,6.1,4.5,20,a
83,Valdimarsson,Hákon Rafn Valdimarsson,4,GKP,4.5,0.1,0.0,0,a
84,Collins,Nathan Collins,4,DEF,5.4,0.9,0.0,10,i
85,Van den Berg,Sepp van den Berg,4,DEF,4.9,0.1,0.0,0,i
86,Lewis-Potter,Keane Lewis-Potter,4,MID,5.5,1.7,2.0,22,a
87,Ajer,Kristoffer Ajer,4,DEF,4.5,3.9,4.0,21,a
88,Kayode,Michael Kayode,4,DEF,4.6,7.6,3.5,23,a
89,Henry,Rico Henry,4,DEF,4.4,0.2,0.0,1,a
90,Hickey,Aaron Hickey,4,DEF,4.5,0.1,1.0,5,a
92,Ji-soo,Kim Ji-soo,4,DEF,4.4,0.0,0.0,0,a
93,Schuster,Jannik Schuster,4,DEF,4.5,0.3,8.5,21,a
94,Schade,Kevin Schade,4,MID,6.2,12.1,12.0,39,a
95,O.Dango,Dango Ouattara,4,MID,6.3,0.5,1.0,7,a
96,Damsgaard,Mikkel Damsgaard,4,MID,5.4,0.4,2.0,16,d
97,Jensen,Mathias Jensen,4,MID,5.4,0.1,0.0,6,i
98,Janelt,Vitaly Janelt,4,MID,5.0,2.5,3.5,28,a
99,Milambo,Antoni Milambo,4,MID,5.0,0.0,0.0,0,i
100,Carvalho,Fábio Freitas Gouveia Carvalho,4,MID,5.0,0.0,3.0,6,a
102,Yarmoliuk,Yehor Yarmoliuk,4,MID,4.8,0.6,3.5,9,a
103,Dasilva,Josh Dasilva,4,MID,4.9,0.0,0.0,0,i
105,Anthony,Jaidon Anthony,4,MID,5.9,0.2,5.5,15,a
106,Thiago,Igor Thiago Nascimento Rodrigues,4,FWD,7.8,9.2,3.0,10,a
107,Furo,Kaye Furo,4,FWD,4.5,0.9,0.0,0,i
108,Wilson,Callum Wilson,4,FWD,5.4,0.3,0.0,3,a
565,M.Sangaré,Mamadou Sangaré,4,MID,5.6,9.8,2.0,22,a
620,Diouf,El Hadji Malick Diouf,4,DEF,4.5,0.1,1.0,2,a
657,Nunes,Gustavo Nunes Fernandes Gomes,4,MID,4.5,0.0,0.0,0,a
660,Fredrick,Benjamin Fredrick,4,DEF,4.0,0.0,0.0,0,a
661,Balcombe,Ellery Balcombe,4,GKP,4.0,0.0,0.0,0,a
109,Verbruggen,Bart Verbruggen,5,GKP,4.5,21.6,7.0,23,a
111,Steele,Jason Steele,5,GKP,4.0,4.1,0.0,0,a
113,F.Kadıoğlu,Ferdi Kadıoğlu,5,DEF,4.4,1.6,5.5,13,a
114,Boscagli,Olivier Boscagli,5,DEF,4.5,0.3,6.0,19,a
115,De Cuyper,Maxim De Cuyper,5,DEF,5.0,28.1,8.5,38,a
116,Dunk,Lewis Dunk,5,DEF,4.5,1.5,6.0,22,d
117,Coppola,Diego Coppola,5,DEF,4.5,0.0,0.0,0,a
118,Igor,Igor Julio dos Santos de Paulo,5,DEF,4.5,0.0,0.0,0,u
119,Costinha,João Pedro Loureiro da Costa,5,DEF,4.5,0.0,1.0,4,a
120,Svoboda,Michael Svoboda,5,DEF,5.0,0.1,0.5,1,a
121,Mitoma,Mitoma Kaoru,5,MID,5.9,0.0,0.0,0,i
122,Minteh,Yankuba Minteh,5,MID,5.8,0.0,0.0,0,i
123,Hinshelwood,Jack Hinshelwood,5,MID,5.9,0.6,0.0,16,i
124,Groß,Pascal Groß,5,MID,5.9,29.7,15.5,47,a
125,Georginio,Georginio Rutter,5,FWD,5.3,0.5,0.5,6,a
126,O'Riley,Matt O'Riley,5,MID,5.4,0.1,1.0,2,a
127,Gomez,Diego Gómez Amarilla,5,MID,5.0,3.9,5.5,24,a
128,Buonanotte,Facundo Buonanotte,5,MID,5.0,0.0,0.0,0,u
129,Ayari,Yasin Ayari,5,MID,5.4,0.4,5.5,15,a
130,Wieffer,Mats Wieffer,5,DEF,4.9,0.2,0.0,7,i
132,Howell,Harry Howell,5,MID,4.5,0.0,0.0,0,u
133,Watson,Tom Watson,5,MID,5.0,0.0,0.0,0,u
134,Oriola,Nehemiah Oriola,5,MID,4.5,0.2,0.0,0,a
135,Yohanna,Zadok Yohanna,5,MID,4.8,0.0,0.0,1,i
137,Tzimas,Stefanos Tzimas,5,FWD,5.4,0.0,0.0,0,i
138,Kostoulas,Charalampos Kostoulas,5,FWD,5.6,4.7,10.0,28,a
139,Ferguson,Evan Ferguson,5,FWD,5.0,0.0,0.0,0,i
328,Struijk,Pascal Struijk,5,DEF,4.9,0.2,3.0,7,d
504,Vuskovic,Luka Vušković,5,DEF,5.0,3.8,7.0,32,a
594,David,Promise David,5,FWD,5.9,0.2,0.0,1,a
600,Osman,Ibrahim Osman,5,MID,5.0,0.0,0.5,3,a
605,Yalcouyé,Malick Yalcouyé,5,MID,4.5,4.0,4.5,20,a
614,Hadjam,Jaouen Hadjam,5,DEF,4.5,0.0,0.0,0,a
624,Cozier-Duberry,Amario Cozier-Duberry,5,MID,5.0,0.0,0.0,0,u
639,Andrés,José María Andrés Baixauli,5,MID,5.5,0.0,6.0,12,a
652,Azeez,Femi Azeez,5,MID,5.5,0.0,0.0,0,i
658,Ibrahim,Younes Ibrahim,5,MID,4.5,0.0,0.0,0,a
28,Martinez,Emiliano Martínez Romero,6,GKP,5.0,4.7,2.0,9,a
40,Rogers,Morgan Rogers,6,MID,7.8,40.8,5.0,29,a
101,Henderson,Jordan Henderson,6,MID,4.9,0.0,1.0,2,a
136,Welbeck,Danny Welbeck,6,FWD,5.9,1.0,1.5,4,a
140,Sánchez,Robert Lynch Sánchez,6,GKP,4.9,0.7,0.0,2,u
141,Jörgensen,Filip Jörgensen,6,GKP,5.0,0.0,0.0,0,u
142,James,Reece James,6,DEF,5.3,5.7,0.5,3,d
143,Chalobah,Trevoh Chalobah,6,DEF,5.5,0.1,0.0,0,u
144,Gusto,Malo Gusto,6,DEF,4.9,0.9,0.5,4,a
145,Fofana,Wesley Fofana,6,DEF,5.0,0.2,2.5,8,a
146,B.Badiashile,Benoît Badiashile Mukinayi,6,DEF,4.5,0.0,0.0,0,u
148,Hato,Jorrel Hato,6,DEF,4.5,0.8,0.0,8,a
149,Colwill,Levi Samuels Colwill,6,DEF,4.8,0.9,1.0,3,a
150,M.Sarr,Mamadou Sarr,6,DEF,4.5,0.0,0.0,0,u
151,Acheampong,Josh Acheampong,6,DEF,4.5,0.3,0.0,5,a
152,Palestra,Marco Palestra,6,DEF,5.3,0.6,0.0,0,d
154,Palmer,Cole Palmer,6,MID,9.7,25.3,3.5,28,d
156,Neto,Pedro Lomba Neto,6,MID,6.5,1.4,2.0,14,a
157,Estêvão,Estêvão Almeida de Oliveira Gonçalves,6,MID,6.3,0.7,1.0,4,a
158,Gittens,Jamie Bynoe-Gittens,6,MID,5.8,0.0,0.0,0,d
159,Caicedo,Moisés Caicedo Corozo,6,MID,5.3,1.0,0.0,1,d
161,Lavia,Roméo Lavia,6,MID,5.0,0.2,1.0,11,a
163,D.Essugo,Dário Luís Essugo,6,MID,4.5,0.1,0.0,0,u
164,Quenda,Geovany Quenda,6,MID,5.3,0.0,0.5,2,a
165,João Pedro,João Pedro Junqueira de Jesus,6,FWD,7.7,64.7,6.0,33,d
168,Marc Guiu,Marc Guiu Paz,6,FWD,5.0,0.2,0.0,0,u
169,Mheuka,Shumaira Mheuka,6,FWD,4.5,0.5,0.0,0,a
170,Emegha,Emmanuel Emegha,6,FWD,4.9,0.1,0.0,0,i
200,Lacroix,Maxence Lacroix,6,DEF,5.9,6.8,2.0,13,a
560,Penders,Mike Penders,6,GKP,4.4,0.1,0.0,0,a
561,Anselmino,Aaron Anselmino,6,DEF,4.5,0.0,0.0,0,a
568,Barco,Valentín Barco,6,MID,5.4,0.1,1.0,3,a
583,Chavarria,Pep Chavarría,6,DEF,4.9,0.2,1.0,5,a
662,Nicoll-Jazuli,Mahdi Nicoll-Jazuli,6,MID,4.5,0.0,1.0,1,a
91,Pinnock,Ethan Pinnock,7,DEF,4.5,0.1,5.0,14,a
104,Onyeka,Frank Onyeka,7,MID,4.9,0.1,2.5,9,a
110,Rushworth,Carl Rushworth,7,GKP,4.5,0.8,5.5,16,a
171,Dovin,Oliver Dovin,7,GKP,4.0,1.0,0.0,0,u
172,Wilson,Ben Wilson,7,GKP,4.4,0.4,0.0,0,a
173,Thomas,Bobby Thomas,7,DEF,4.0,8.5,4.5,24,a
174,Kitching,Liam Kitching,7,DEF,4.0,0.3,0.0,0,u
175,van Ewijk,Milan van Ewijk,7,DEF,4.0,8.6,0.0,6,d
176,Dasilva,Jay Dasilva,7,DEF,4.0,0.7,7.5,20,a
177,Kesler-Hayden,Kaine Kesler-Hayden,7,DEF,3.9,0.1,0.0,0,i
178,Bidwell,Jake Bidwell,7,DEF,4.0,0.1,0.0,0,a
179,Latibeaudiere,Joel Latibeaudiere,7,DEF,4.0,0.0,0.5,1,a
180,Woolfenden,Luke Woolfenden,7,DEF,3.9,0.1,0.0,0,i
181,Brau,Miguel Brau,7,DEF,4.0,0.0,0.0,0,u
182,Amenda,Aurèle Amenda,7,DEF,4.0,0.6,0.0,4,i
183,Rudoni,Jack Rudoni,7,MID,4.9,0.1,3.5,13,a
184,Grimes,Matt Grimes,7,MID,4.9,0.1,2.5,11,a
185,Sakamoto,Tatsuhiro Sakamoto,7,MID,4.8,0.1,0.0,1,a
186,Mason-Clark,Ephron Mason-Clark,7,MID,5.3,0.1,1.0,5,a
187,Eccles,Josh Eccles,7,MID,4.8,0.0,0.0,0,i
188,Torp,Victor Torp,7,MID,5.3,0.1,0.5,3,a
189,Shepherd,George Shepherd,7,MID,4.4,0.3,0.0,0,a
190,Tchaouna,Loum Tchaouna,7,MID,5.4,0.1,0.5,5,a
191,Borges Rodrigues,Raphael Borges Rodrigues,7,MID,4.5,0.1,0.0,0,u
192,Andrews,Kai Andrews,7,MID,4.5,0.3,0.0,0,u
193,Wright,Haji Wright,7,FWD,5.3,0.1,0.0,0,i
194,Thomas-Asante,Brandon Thomas-Asante,7,FWD,5.0,0.8,2.5,9,a
195,Simms,Ellis Simms,7,FWD,4.9,0.6,0.5,4,a
196,Markelo,Jahnoah Markelo,7,FWD,5.0,0.0,0.0,0,u
197,Bassette,Norman Bassette,7,FWD,4.5,0.0,0.0,0,u
492,Awoniyi,Taiwo Awoniyi,7,FWD,5.4,0.4,-1.0,3,s
575,Yirenkyi,Caleb Yirenkyi,7,MID,4.8,0.1,2.0,9,a
584,Hamer,Gustavo Hamer,7,MID,5.4,0.1,0.0,3,a
599,Cherif,Sidiki Cherif,7,FWD,5.0,0.1,0.5,1,a
623,Bentley,Dan Bentley,7,GKP,4.0,0.6,0.0,0,a
655,Gboho,Yann Gboho,7,MID,5.5,0.0,0.0,0,a
656,Mfuni,Stephen Mfuni,7,DEF,4.0,0.1,3.0,6,a
42,Guessand,Evann Guessand,8,MID,5.4,0.0,0.0,2,a
153,Disasi,Axel Disasi,8,DEF,4.5,0.1,-1.5,1,s
198,Henderson,Dean Henderson,8,GKP,4.9,1.3,0.0,5,i
199,Benitez,Walter Benítez,8,GKP,4.5,0.1,4.0,8,a
202,Richards,Chris Richards,8,DEF,4.9,0.6,5.0,14,a
203,Canvot,Jaydee Canvot,8,DEF,4.8,0.2,4.0,10,a
204,Mitchell,Tyrick Mitchell,8,DEF,4.5,6.1,4.0,24,a
205,Sosa,Borna Sosa,8,DEF,4.5,0.0,0.0,0,u
206,Chadi Riad,Chadi Riad Dnanou,8,DEF,4.3,0.0,0.0,1,i
207,Mingueza,Oscar Mingueza,8,DEF,4.4,0.1,0.0,2,a
208,Sarr,Ismaïla Sarr,8,MID,6.2,0.6,0.5,1,a
210,Wharton,Adam Wharton,8,MID,5.4,0.7,2.0,12,a
211,Yeremy,Yéremy Pino Santos,8,MID,5.5,0.3,1.5,14,a
212,Hughes,Will Hughes,8,MID,4.4,7.3,0.5,2,a
213,Lerma,Jefferson Lerma Solís,8,MID,4.8,0.1,0.5,1,a
214,Kamada,Daichi Kamada,8,MID,5.0,0.5,5.5,21,a
215,Devenny,Justin Devenny,8,MID,5.0,0.0,0.0,0,u
216,Esse,Romain Esse,8,MID,5.0,0.0,0.0,0,u
217,M.França,Matheus França de Oliveira,8,MID,4.9,0.0,0.0,0,u
218,Doucouré,Cheick Doucouré,8,MID,4.8,0.0,0.0,0,a
219,J.Rak-Sakyi,Jesurun Rak-Sakyi,8,MID,4.9,0.0,0.0,0,u
220,Cardines,Rio Cardines,8,DEF,4.5,0.0,0.0,0,u
221,Drakes-Thomas,Joél Drakes-Thomas,8,MID,4.4,0.1,0.0,0,a
222,Strand Larsen,Jørgen Strand Larsen,8,FWD,6.0,0.7,5.0,14,a
223,Mateta,Jean-Philippe Mateta,8,FWD,6.3,1.3,0.0,2,i
224,Nketiah,Eddie Nketiah,8,FWD,5.5,0.5,0.5,8,a
225,Uche,Christantus Uche,8,FWD,5.0,0.0,0.0,0,u
241,McNeil,Dwight McNeil,8,MID,5.3,0.1,0.0,3,a
555,Matthews,Remi Matthews,8,GKP,4.0,1.7,0.0,0,a
577,Tomiyasu,Takehiro Tomiyasu,8,DEF,4.4,0.3,0.5,3,d
588,Khalaili,Anan Khalaili,8,DEF,5.0,0.3,6.5,19,d
595,Gozo,Zavier Gozo,8,MID,4.9,0.0,0.5,2,a
633,Ahanor,Honest Ahanor,8,DEF,4.5,0.0,1.5,3,a
643,Chilwell,Ben Chilwell,8,DEF,4.5,0.4,0.5,8,a
644,Timber,Quinten Timber,8,MID,5.0,0.0,3.5,9,a
647,Osorio,Darío Osorio,8,MID,5.5,0.0,0.0,1,a
21,Nørgaard,Christian Nørgaard,9,MID,4.8,0.0,0.0,0,i
209,Johnson,Brennan Johnson,9,MID,5.9,0.1,3.0,9,a
226,Pickford,Jordan Pickford,9,GKP,5.5,9.2,7.0,25,a
227,Travers,Mark Travers,9,GKP,5.0,0.0,0.0,0,a
228,King,Tom King,9,GKP,4.5,0.0,0.0,0,a
229,Tarkowski,James Tarkowski,9,DEF,6.2,16.9,11.0,43,a
230,Branthwaite,Jarrad Branthwaite,9,DEF,5.5,2.5,7.0,27,a
231,Keane,Michael Keane,9,DEF,4.8,0.7,0.0,0,a
232,O'Brien,Jake O'Brien,9,DEF,4.8,0.3,1.0,2,a
233,Mykolenko,Vitalii Mykolenko,9,DEF,4.6,4.1,8.0,27,d
234,Patterson,Nathan Patterson,9,DEF,4.5,0.0,0.0,0,u
235,Aznou,Adam Aznou,9,DEF,4.0,0.1,0.0,0,u
236,Dewsbury-Hall,Kiernan Dewsbury-Hall,9,MID,6.6,5.9,2.5,20,a
238,Grealish,Jack Grealish,9,MID,6.5,0.5,2.0,6,a
239,Garner,James Garner,9,MID,6.0,0.2,3.5,11,a
242,George,Tyrique George,9,MID,5.5,0.9,2.0,19,a
243,Alcaraz,Carlos Alcaraz Durán,9,MID,4.9,0.1,0.0,1,a
244,Armstrong,Harrison Armstrong,9,MID,5.0,0.4,2.5,16,a
245,Dibling,Tyler Dibling,9,MID,5.4,0.0,0.5,1,a
246,Röhl,Merlin Röhl,9,MID,4.9,0.0,0.0,6,i
247,Hackney,Hayden Hackney,9,MID,5.4,0.2,1.0,10,a
248,Beto,Norberto Bercique Gomes Betuncal,9,FWD,5.4,0.6,0.0,2,u
249,Barry,Thierno Barry,9,FWD,5.7,8.4,4.0,20,a
649,Maitland-Niles,Ainsley Maitland-Niles,9,DEF,4.5,1.4,7.0,21,a
654,Graham,Braiden Graham,9,MID,4.5,0.1,0.0,0,a
250,Leno,Bernd Leno,10,GKP,4.5,3.4,6.0,18,a
251,Lecomte,Benjamin Lecomte,10,GKP,4.0,1.1,0.0,0,a
252,McNally,Alfie McNally,10,GKP,4.0,0.1,0.0,0,u
253,Andersen,Joachim Andersen,10,DEF,5.0,0.2,0.5,3,a
254,Robinson,Antonee Robinson,10,DEF,4.5,1.5,4.0,12,a
255,J.Cuenca,Jorge Cuenca Barreno,10,DEF,4.5,0.0,0.0,3,a
256,Tete,Kenny Tete,10,DEF,4.4,0.2,0.0,0,a
257,Bassey,Calvin Bassey,10,DEF,4.5,0.7,6.0,15,a
258,Castagne,Timothy Castagne,10,DEF,4.5,1.0,3.5,20,a
261,Iwobi,Alex Iwobi,10,MID,5.4,0.7,4.0,14,a
262,Smith Rowe,Emile Smith Rowe,10,MID,5.3,0.2,0.5,3,a
263,Kevin,Kevin Santos Lopes de Macedo,10,MID,5.3,0.0,1.0,4,a
264,Bobb,Oscar Bobb,10,MID,5.5,0.3,3.0,13,a
265,Berge,Sander Berge,10,MID,4.9,0.3,3.0,11,a
266,Cairney,Tom Cairney,10,MID,4.9,0.0,0.0,0,i
268,King,Josh King,10,MID,5.6,2.9,2.5,24,a
269,Sessegnon,Ryan Sessegnon,10,DEF,4.3,0.3,0.0,3,a
270,Reed,Harrison Reed,10,MID,4.4,1.1,0.0,0,a
271,Muniz,Rodrigo Muniz Carvalho,10,FWD,5.4,0.4,0.5,3,a
272,Kusi-Asare,Jonah Kusi-Asare,10,FWD,4.5,5.4,0.0,0,a
569,Gonzalo,Gonzalo García,10,FWD,6.0,4.2,2.0,14,a
570,Palacios,César Palacios,10,MID,5.4,0.2,0.5,12,a
580,Charles,Shea Charles,10,MID,5.0,0.1,4.5,13,a
610,De Fougerolles,Luc De Fougerolles,10,DEF,4.0,0.1,0.0,0,u
626,Zepa,Macaulay Zepa,10,MID,4.4,0.3,0.0,0,a
635,Larsson,Hugo Larsson,10,MID,5.0,0.0,1.0,3,a
636,Ángel,Manuel Ángel Morán Ibáñez,10,MID,5.0,0.0,0.0,0,a
650,Affengruber,David Affengruber,10,DEF,4.5,0.1,6.0,12,a
240,Iroegbunam,Tim Iroegbunam,11,MID,5.0,0.0,0.5,2,a
273,Phillips,Dillon Phillips,11,GKP,4.0,1.4,0.0,0,a
274,Butland,Jack Butland,11,GKP,4.4,0.1,0.0,0,i
275,Cartwright,Harvey Cartwright,11,GKP,4.0,0.0,0.0,0,u
276,Lo-Tutala,Thimothée Lo-Tutala,11,GKP,4.0,0.0,0.0,0,u
277,Egan,John Egan,11,DEF,4.1,7.0,1.5,26,a
278,Hughes,Charlie Hughes,11,DEF,3.9,0.2,0.0,0,i
279,Ajayi,Semi Ajayi,11,DEF,4.2,13.9,1.0,27,a
280,Coyle,Lewie Coyle,11,DEF,4.0,0.7,1.0,14,a
281,Drameh,Cody Drameh,11,DEF,4.0,0.0,0.0,2,u
282,Giles,Ryan Giles,11,DEF,4.0,2.9,2.0,24,a
283,Jacob,Matty Jacob,11,DEF,4.0,0.0,0.0,0,u
284,McCarthy,Cathal McCarthy,11,DEF,4.0,0.1,0.0,0,a
285,McNair,Paddy McNair,11,DEF,4.0,0.1,0.0,1,a
286,Belloumi,Mohamed Belloumi,11,MID,5.1,5.3,8.5,31,a
287,Millar,Liam Millar,11,MID,5.0,0.0,0.0,6,u
288,Dowell,Kieran Dowell,11,MID,4.4,0.3,0.0,0,a
289,Crooks,Matt Crooks,11,MID,4.4,0.5,0.5,3,a
290,Slater,Regan Slater,11,MID,4.5,5.2,2.0,15,a
291,Matazo,Eliot Matazo,11,MID,4.5,0.0,0.0,0,i
292,Ömür,Abdülkadir Ömür,11,MID,4.9,0.0,0.0,0,a
293,Kamara,Abu Kamara,11,MID,5.0,0.0,0.0,0,u
294,Zambrano,Óscar Zambrano,11,MID,4.5,0.1,0.0,0,a
295,McBurnie,Oli McBurnie,11,FWD,5.5,1.9,2.5,13,a
296,Akintola,David Akintola,11,MID,5.0,0.0,0.0,0,u
297,Gyabi,Darko Gyabi,11,MID,4.4,0.0,0.0,0,i
298,Destan,Enis Destan,11,FWD,4.5,0.2,0.0,0,u
299,Burstow,Mason Burstow,11,FWD,4.5,0.0,0.0,0,u
340,Gelhardt,Joe Gelhardt,11,MID,5.0,0.0,0.5,1,a
556,Targett,Matt Targett,11,DEF,4.0,1.6,0.0,1,d
563,Morita,Hidemasa Morita,11,MID,4.9,0.0,0.0,1,i
572,Tzolakis,Konstantinos Tzolakis,11,GKP,4.7,12.9,4.0,34,a
574,Hjertø-Dahl,Jens Hjertø-Dahl,11,MID,4.9,0.1,0.0,1,a
576,Stroud,Elliot Stroud,11,MID,5.0,0.1,0.5,7,a
585,Herrington,Lucas Herrington,11,DEF,4.0,0.6,1.0,5,a
586,Mendy,Nobel Mendy,11,DEF,4.1,6.2,0.5,25,a
589,Gourna-Douath,Lucas Gourna-Douath,11,MID,5.0,0.0,0.5,4,a
617,Cho,Mohamed-Ali Cho,11,MID,5.0,0.0,3.5,9,a
632,Ansah,Ilyas Ansah,11,FWD,5.0,0.0,0.0,0,i
637,Vaz,Robinio Vaz,11,FWD,5.0,0.1,1.0,2,a
638,Norton-Cuffy,Brooke Norton-Cuffy,11,DEF,4.0,0.2,0.0,1,d
642,Thomas,Sorba Thomas,11,MID,5.5,0.0,1.5,4,a
645,Mouzakitis,Christos Mouzakitis,11,MID,5.0,0.0,0.0,0,a
259,Diop,Issa Diop,12,DEF,4.0,12.6,2.5,12,a
267,Lukić,Saša Lukić,12,MID,4.9,0.1,1.5,11,a
300,Walton,Christian Walton,12,GKP,4.4,0.4,1.0,2,a
301,Palmer,Alex Palmer,12,GKP,4.0,3.9,0.0,0,a
302,Button,David Button,12,GKP,4.0,0.6,0.0,0,a
303,Kipré,Cédric Kipré,12,DEF,3.9,0.9,0.0,0,a
304,O'Shea,Dara O'Shea,12,DEF,4.0,2.6,1.5,10,a
305,Davis,Leif Davis,12,DEF,4.0,7.0,8.0,25,a
306,Greaves,Jacob Greaves,12,DEF,4.0,1.1,0.5,3,a
307,Johnson,Ben Johnson,12,DEF,4.0,0.1,0.0,0,u
308,Furlong,Darnell Furlong,12,DEF,3.9,0.6,0.0,1,a
309,Núñez,Marcelino Núñez,12,MID,4.9,0.1,0.0,6,a
310,Matusiwa,Azor Matusiwa,12,MID,4.9,0.0,0.0,0,a
311,Burns,Wes Burns,12,MID,5.0,0.0,0.0,0,u
312,Taylor,Jack Taylor,12,MID,4.4,0.0,0.0,0,i
313,Clarke,Jack Clarke,12,MID,5.4,0.2,1.5,11,a
314,Ogbene,Chiedozie Ogbene,12,MID,4.9,0.0,0.0,0,u
315,Fatawu,Abdul Fatawu,12,MID,5.4,0.2,0.0,8,s
316,Emersonn,Emersonn Correia da Silva,12,FWD,5.5,3.7,7.0,26,a
317,Hirst,George Hirst,12,FWD,5.0,0.1,0.0,0,u
318,Philogene,Jaden Philogene,12,MID,5.4,0.1,1.0,2,a
319,Szmodics,Sam Szmodics,12,MID,5.0,0.0,0.0,0,u
320,Akpom,Chuba Akpom,12,FWD,5.0,1.2,0.5,7,a
321,Walle Egeli,Sindre Walle Egeli,12,FWD,4.5,3.5,0.0,1,a
322,Al-Hamadi,Ali Al-Hamadi,12,FWD,5.0,0.0,0.0,0,u
323,McAteer,Kasey McAteer,12,MID,4.4,1.0,0.0,3,a
324,Mehmeti,Anis Mehmeti,12,MID,4.8,0.0,0.0,0,a
554,Van Oevelen,Kayne van Oevelen,12,GKP,4.5,0.0,0.0,0,u
562,Maeda,Daizen Maeda,12,MID,5.3,0.2,1.0,8,a
564,Scherpen,Kjell Scherpen,12,GKP,4.5,0.6,0.5,7,a
571,Florentino,Florentino Ibrain Morris Luís,12,MID,4.8,0.1,1.0,2,a
591,Enciso,Julio Enciso,12,MID,5.5,0.8,2.0,15,a
592,Ouattara,Abdoul Ouattara,12,DEF,4.0,0.9,1.5,6,a
602,Humphreys,Cameron Humphreys,12,MID,4.5,0.0,0.0,0,u
619,Palacios,Exequiel Palacios,12,MID,5.0,0.1,3.0,11,a
640,Flemming,Zian Flemming,12,FWD,5.5,0.1,2.5,6,a
260,Wilson,Harry Wilson,13,MID,6.2,1.6,0.5,5,i
326,Perri,Lucas Estella Perri,13,GKP,4.5,0.3,0.0,0,u
327,Bijol,Jaka Bijol,13,DEF,5.0,0.7,0.0,12,a
329,Rodon,Joe Rodon,13,DEF,4.3,0.8,0.0,7,i
330,Bogle,Jayden Bogle,13,DEF,4.6,7.4,10.0,42,a
331,Gudmundsson,Gabriel Gudmundsson,13,DEF,4.5,0.1,6.0,14,a
332,Justin,James Justin,13,DEF,4.5,1.4,5.0,26,a
333,Bornauw,Sebastiaan Bornauw,13,DEF,4.5,0.0,0.0,0,u
334,Muharemović,Tarik Muharemović,13,DEF,5.0,4.3,6.5,27,a
335,Stach,Anton Stach,13,MID,6.0,2.5,4.0,27,a
336,Okafor,Noah Okafor,13,MID,5.8,0.4,6.0,18,a
337,Aaronson,Brenden Aaronson,13,MID,5.3,0.5,1.0,7,a
338,Ampadu,Ethan Ampadu,13,MID,5.4,0.9,6.0,21,a
339,Longstaff,Sean Longstaff,13,MID,4.8,0.1,0.5,2,a
341,Gnonto,Wilfried Gnonto,13,MID,5.0,0.0,0.0,0,u
342,Harrison,Jack Harrison,13,MID,5.0,0.0,0.0,0,u
343,James,Daniel James,13,MID,4.9,0.1,1.0,3,a
344,Gruev,Ilia Gruev,13,MID,5.0,0.0,0.0,0,a
345,Tanaka,Tanaka Ao,13,MID,4.9,0.3,4.0,14,a
346,Calvert-Lewin,Dominic Calvert-Lewin,13,FWD,6.0,24.7,6.0,22,a
347,Nmecha,Lukas Nmecha,13,FWD,5.4,0.5,1.0,7,a
348,Piroe,Joël Piroe,13,FWD,5.0,0.1,0.0,0,u
349,Mateo Joseph,Mateo Joseph Fernández-Regatillo,13,FWD,4.5,0.1,0.0,0,i
385,Trafford,James Trafford,13,GKP,5.0,5.5,6.5,28,a
598,Elvedi,Nico Elvedi,13,DEF,4.5,0.1,4.0,13,a
603,Lienou,Jayden Lienou,13,DEF,4.0,0.1,0.0,0,a
604,Cresswell,Alfie Cresswell,13,MID,4.5,0.1,0.0,0,a
625,Cairns,Alex Cairns,13,GKP,4.0,0.2,0.0,0,a
629,Zetterer,Michael Zetterer,13,GKP,4.0,0.7,0.0,0,a
641,Bard,Melvin Bard,13,DEF,4.5,0.0,0.5,1,a
648,Bahoya,Jean-Mattéo Bahoya,13,MID,5.0,0.0,0.5,1,a
350,A.Becker,Alisson Becker,14,GKP,5.5,4.2,8.5,27,a
351,Mamardashvili,Giorgi Mamardashvili,14,GKP,4.8,0.1,0.0,0,a
352,Woodman,Freddie Woodman,14,GKP,4.0,1.0,0.0,0,a
353,Pecsi,Armin Pecsi,14,GKP,4.0,0.0,0.0,0,u
354,Jaros,Vitezslav Jaros,14,GKP,4.0,0.0,0.0,0,i
355,Davies,Harvey Davies,14,GKP,4.0,0.2,0.0,0,a
356,Virgil,Virgil van Dijk,14,DEF,6.5,16.2,8.0,25,a
357,Frimpong,Jeremie Frimpong,14,DEF,5.3,1.7,0.5,2,a
358,Kerkez,Milos Kerkez,14,DEF,5.3,2.2,3.5,13,a
359,Gomez,Joe Gomez,14,DEF,4.9,0.0,0.0,0,a
360,Bradley,Conor Bradley,14,DEF,5.0,0.0,0.0,0,i
361,Lucky,Wellity Lucky,14,DEF,4.0,0.1,0.0,0,a
362,Jacquet,Jeremy Jacquet,14,DEF,5.0,3.5,7.5,24,d
363,Leoni,Giovanni Leoni,14,DEF,4.0,0.0,0.0,0,i
364,Tsimikas,Kostas Tsimikas,14,DEF,4.9,0.1,0.5,2,a
365,Ramsay,Calvin Ramsay,14,DEF,4.0,0.1,0.0,0,u
366,Wirtz,Florian Wirtz,14,MID,7.3,5.7,4.5,18,a
367,Gakpo,Cody Gakpo,14,MID,7.2,12.1,2.0,32,d
368,Szoboszlai,Dominik Szoboszlai,14,MID,6.9,32.5,2.5,20,a
369,Ngumoha,Rio Ngumoha,14,MID,5.7,0.5,0.5,4,a
370,Chiesa,Federico Chiesa,14,MID,5.3,0.0,0.0,0,i
371,Gravenberch,Ryan Gravenberch,14,MID,5.8,1.1,1.0,9,a
372,Mac Allister,Alexis Mac Allister,14,MID,5.4,1.3,3.0,11,a
373,C.Jones,Curtis Jones,14,MID,5.5,0.0,0.0,0,u
374,Endo,Endo Wataru,14,MID,4.9,0.1,0.0,0,a
375,Nyoni,Trey Nyoni,14,MID,4.9,0.0,0.5,3,a
376,Bajcetic,Stefan Bajčetić Maquieira,14,MID,5.0,0.0,0.0,0,u
377,Munoz,Victor Munoz,14,MID,6.5,0.9,1.0,15,a
378,McConnell,James McConnell,14,MID,4.4,0.2,0.0,0,a
379,Isak,Alexander Isak,14,FWD,9.1,22.1,5.0,33,d
380,Ekitiké,Hugo Ekitiké,14,FWD,7.4,0.1,0.0,0,i
381,Koumas,Lewis Koumas,14,MID,5.0,0.0,0.5,3,a
382,Danns,Jayden Danns,14,FWD,4.5,0.2,0.0,0,a
383,Elliott,Harvey Elliott,14,MID,5.4,0.0,0.0,0,u
579,Araujo,Ronald Araujo,14,DEF,5.4,3.1,6.5,22,a
627,Barcola,Bradley Barcola,14,MID,8.0,1.9,3.0,7,a
155,Enzo,Enzo Fernández,15,MID,6.9,3.7,4.5,13,a
237,Ndiaye,Iliman Ndiaye,15,MID,5.8,6.6,3.0,22,a
384,Donnarumma,Gianluigi Donnarumma,15,GKP,5.5,7.6,4.5,19,a
386,Bettinelli,Marcus Bettinelli,15,GKP,4.5,0.0,0.0,0,a
387,O'Reilly,Nico O'Reilly,15,DEF,6.3,10.7,1.0,6,d
388,Guéhi,Marc Guéhi,15,DEF,6.0,18.1,5.0,30,a
389,Matheus N.,Matheus Nunes,15,DEF,5.9,1.0,5.0,11,a
390,Rúben,Rúben dos Santos Gato Alves Dias,15,DEF,5.5,1.9,3.5,17,a
391,Gvardiol,Joško Gvardiol,15,DEF,5.7,26.9,7.5,37,a
392,Aït-Nouri,Rayan Aït-Nouri,15,DEF,5.2,0.4,0.0,0,a
393,Khusanov,Abdukodir Khusanov,15,DEF,5.4,1.4,0.0,9,a
394,Alleyne,Max Alleyne,15,DEF,5.0,0.0,0.0,0,u
395,Lewis,Rico Lewis,15,DEF,4.4,0.2,0.0,1,a
396,Vitor Reis,Vitor de Oliveira Nunes dos Reis,15,DEF,4.5,0.0,0.0,1,a
397,Semenyo,Antoine Semenyo,15,MID,8.4,15.1,10.0,33,d
398,Foden,Phil Foden,15,MID,6.9,1.8,-1.0,9,s
399,Cherki,Rayan Cherki,15,MID,7.8,28.4,4.5,34,a
400,Doku,Jérémy Doku,15,MID,7.4,0.7,0.5,1,a
402,Rodrigo,Rodrigo 'Rodri' Hernandez Cascante,15,MID,6.5,0.0,0.0,0,u
404,Reijnders,Tijjani Reijnders,15,MID,6.0,0.0,0.0,0,u
406,Kovačić,Mateo Kovačić,15,MID,5.3,0.1,0.0,2,a
407,Echeverri,Claudio Echeverri,15,MID,4.9,0.0,0.0,0,u
408,Phillips,Kalvin Phillips,15,MID,5.0,0.0,0.0,0,u
409,Mukasa,Divine Mukasa,15,MID,4.5,0.1,0.0,0,u
410,Monga,Jeremy Monga,15,MID,4.9,0.0,0.0,0,u
411,Haaland,Erling Haaland,15,FWD,15.6,73.9,7.5,39,a
481,Anderson,Elliot Anderson,15,MID,6.3,4.0,3.5,15,a
587,Rulli,Gerónimo Rulli,15,GKP,5.0,0.0,0.0,0,a
616,Bouaddi,Ayyoub Bouaddi,15,MID,5.5,0.2,0.0,2,a
621,McAidoo,Ryan McAidoo,15,MID,4.5,0.1,0.0,2,a
622,Braithwaite,Kaden Braithwaite,15,DEF,4.0,0.2,0.0,1,a
628,Allan,Allan Andrade Elias,15,MID,6.0,0.0,0.0,0,a
653,Samba,Floyd Samba,15,MID,4.5,0.0,0.0,0,a
43,Tielemans,Youri Tielemans,16,MID,5.8,1.5,3.0,14,a
131,Baleba,Carlos Baleba,16,MID,4.9,0.1,0.0,0,a
162,Andrey Santos,Andrey Nascimento dos Santos,16,MID,4.8,0.6,0.0,4,a
325,Darlow,Karl Darlow,16,GKP,4.5,0.0,0.0,0,d
412,Lammens,Senne Lammens,16,GKP,4.9,9.8,3.0,11,a
413,Bayindir,Altay Bayındır,16,GKP,4.5,0.0,0.0,0,u
414,Heaton,Tom Heaton,16,GKP,4.0,0.1,0.0,0,i
415,Dorgu,Patrick Dorgu,16,MID,5.8,0.5,4.0,10,d
416,De Ligt,Matthijs de Ligt,16,DEF,4.9,0.0,0.0,0,i
417,Dalot,Diogo Dalot Teixeira,16,DEF,4.9,1.6,2.0,8,a
418,Maguire,Harry Maguire,16,DEF,4.8,8.6,1.5,10,a
419,Martinez,Lisandro Martínez,16,DEF,4.9,1.3,1.0,6,a
420,Yoro,Leny Yoro,16,DEF,4.8,0.5,0.0,2,a
421,Heaven,Ayden Heaven,16,DEF,4.3,0.3,0.0,1,a
422,Mazraoui,Noussair Mazraoui,16,DEF,4.4,0.5,0.0,3,d
423,Shaw,Luke Shaw,16,DEF,4.3,7.6,1.0,9,a
424,Amass,Harry Amass,16,DEF,4.0,0.2,0.0,0,a
425,Fredricson,Tyler Fredricson,16,DEF,4.0,0.0,0.0,0,u
426,B.Fernandes,Bruno Borges Fernandes,16,MID,11.9,38.4,2.0,31,a
427,Mbeumo,Bryan Mbeumo,16,MID,7.9,20.5,2.0,25,a
428,Cunha,Matheus Santos Carneiro da Cunha,16,MID,7.9,5.8,6.0,26,a
429,Rashford,Marcus Rashford,16,MID,7.0,1.4,2.0,10,d
430,Mount,Mason Mount,16,MID,5.4,0.0,0.5,1,a
431,Amad,Amad Diallo,16,MID,5.7,0.3,0.0,0,i
432,Mainoo,Kobbie Mainoo,16,MID,5.5,1.5,4.0,22,d
433,Ugarte,Manuel Ugarte Ribeiro,16,MID,5.0,0.0,0.0,0,i
434,J.Fletcher,Jack Fletcher,16,MID,4.9,0.0,0.0,0,a
435,Lacey,Shea Lacey,16,MID,4.9,0.1,0.0,1,a
436,Collyer,Toby Collyer,16,MID,5.0,0.0,0.0,0,u
437,Bendito Mantato,Bendito Mantato,16,MID,4.4,0.2,0.0,0,a
438,Fletcher,Tyler Fletcher,16,MID,4.4,0.3,0.0,0,a
439,Šeško,Benjamin Sesko,16,FWD,7.0,1.6,0.5,8,d
440,Zirkzee,Joshua Zirkzee,16,FWD,5.3,0.4,1.0,2,a
441,Obi,Chido Obi,16,FWD,4.5,0.9,0.0,0,u
405,N.Gonzalez,Nico González Iglesias,17,MID,5.5,0.2,0.5,5,a
442,Pope,Nick Pope,17,GKP,4.9,0.9,0.0,0,a
443,Gillespie,Mark Gillespie,17,GKP,4.5,0.0,0.0,0,a
444,Jaouen,Ewen Jaouen,17,GKP,4.4,0.0,0.0,0,i
445,Thiaw,Malick Thiaw,17,DEF,5.0,2.2,3.0,14,a
446,Schär,Fabian Schär,17,DEF,4.9,0.2,0.5,2,a
447,Botman,Sven Botman,17,DEF,5.0,0.7,3.0,15,a
448,Burn,Dan Burn,17,DEF,4.8,0.7,0.0,0,i
449,Hall,Lewis Hall,17,DEF,5.3,17.6,6.5,31,a
450,Livramento,Tino Livramento,17,DEF,4.9,0.1,1.5,4,d
451,A.Murphy,Alex Murphy,17,DEF,4.0,0.1,0.0,0,u
453,Barnes,Harvey Barnes,17,MID,6.1,5.9,5.5,28,a
454,Elanga,Anthony Elanga,17,MID,6.1,4.4,0.0,18,i
456,J.Ramsey,Jacob Ramsey,17,MID,4.8,0.2,0.0,7,i
457,J.Murphy,Jacob Murphy,17,MID,5.9,0.1,0.5,3,a
458,Joelinton,Joelinton Cássio Apolinário de Lira,17,MID,5.4,0.0,0.0,0,i
459,L.Miley,Lewis Miley,17,MID,5.5,0.1,2.0,12,d
460,Willock,Joe Willock,17,MID,5.0,0.6,5.5,22,a
461,Touré,Bazoumana Touré,17,MID,5.8,0.1,3.5,8,a
462,Steur,Sean Steur,17,MID,4.9,0.1,2.5,8,a
463,Woltemade,Nick Woltemade,17,FWD,5.9,0.5,0.0,4,u
464,Wissa,Yoane Wissa,17,FWD,6.2,18.7,1.0,15,a
465,Osula,William Osula,17,FWD,5.8,0.3,0.0,4,i
466,Neave,Sean Neave,17,FWD,4.5,0.5,0.0,0,u
559,Bamba,Aladji Bamba,17,MID,4.9,0.1,1.0,3,a
567,Horníček,Lukás Hornícek,17,GKP,5.0,1.5,2.0,14,a
593,Dedić,Amar Dedic,17,DEF,4.5,1.8,0.0,13,i
609,Shahar,Leo Shahar,17,DEF,4.0,0.2,0.0,0,u
634,Fernandez-Pardo,Matias Fernandez-Pardo,17,FWD,6.0,0.1,1.5,4,a
659,Miley,Mason Miley,17,MID,4.5,0.0,0.0,0,a
663,Pivas,Miodrag Pivas,17,DEF,4.0,0.0,0.0,0,a
664,Salia,Vakhtang Salia,17,FWD,4.5,0.1,0.0,0,a
665,Mills,Michael Mills,17,MID,4.5,0.0,0.0,0,a
666,Thompson,Kyran Thompson,17,MID,4.5,0.0,0.0,0,a
167,Delap,Liam Delap,18,FWD,5.6,2.7,3.0,9,a
201,Muñoz,Daniel Muñoz Mejía,18,DEF,5.4,5.7,2.0,5,a
467,Sels,Matz Sels,18,GKP,5.0,1.6,2.5,14,a
468,John,John Victor Maciel Furtado,18,GKP,4.5,0.1,0.0,0,a
469,N.Williams,Neco Williams,18,DEF,5.0,8.7,2.0,19,a
470,Morato,Felipe Rodrigues da Silva,18,DEF,5.0,0.0,0.0,0,u
471,Milenković,Nikola Milenković,18,DEF,5.4,1.0,0.0,12,i
472,Murillo,Murillo Costa dos Santos,18,DEF,5.5,2.1,5.0,23,a
473,Aina,Ola Aina,18,DEF,4.4,2.3,1.0,8,a
474,Jair Cunha,Jair Paula da Cunha Filho,18,DEF,4.5,0.2,0.5,11,a
475,Savona,Nicolò Savona,18,DEF,4.5,0.0,0.0,0,i
476,O.Richards,Omar Richards,18,DEF,4.0,0.2,0.0,0,a
477,Abbott,Zach Abbott,18,DEF,4.0,0.1,0.0,0,u
478,Netz,Luca Netz,18,DEF,4.4,0.0,0.5,3,a
479,Bindon,Tyler Bindon,18,DEF,4.0,0.1,0.0,0,u
480,Gibbs-White,Morgan Gibbs-White,18,MID,8.0,15.7,5.0,28,a
482,Hudson-Odoi,Callum Hudson-Odoi,18,MID,5.8,0.1,0.0,1,a
483,Ndoye,Dan Ndoye,18,MID,5.5,0.7,1.0,15,a
484,Hutchinson,Omari Hutchinson,18,MID,5.4,0.1,0.0,0,u
485,Bakwa,Dilane Bakwa,18,MID,5.5,0.0,0.0,0,u
486,McAtee,James McAtee,18,MID,5.5,0.1,2.5,12,a
487,Dominguez,Nicolás Domínguez,18,MID,4.9,0.1,0.0,1,a
488,I.Sangaré,Ibrahim Sangaré,18,MID,4.8,0.4,1.0,4,a
489,Yates,Ryan Yates,18,MID,4.5,1.1,0.0,0,a
490,Wood,Chris Wood,18,FWD,5.8,0.9,1.0,4,a
491,Igor Jesus,Igor Jesus Maciel da Cruz,18,FWD,5.8,2.6,4.0,12,a
493,Kalimuendo,Arnaud Kalimuendo,18,FWD,5.4,0.1,0.0,1,a
558,Schlager,Xaver Schlager,18,MID,5.0,0.1,2.5,13,a
581,Diomande,Ousmane Diomande,18,DEF,5.4,0.5,3.0,7,a
590,Benda,Steven Benda,18,GKP,4.5,0.1,0.0,0,a
112,Van Hecke,Jan Paul van Hecke,19,DEF,4.9,6.4,7.0,24,d
147,Tosin,Tosin Adarabioyo,19,DEF,4.4,0.1,0.5,1,a
401,Marmoush,Omar Marmoush,19,FWD,7.0,2.1,2.0,8,a
403,Sávio,Sávio Moreira de Oliveira,19,MID,6.5,0.6,2.5,8,a
455,Tonali,Sandro Tonali,19,MID,5.3,1.8,2.5,14,a
494,Vicario,Guglielmo Vicario,19,GKP,4.5,0.1,0.0,0,u
495,Austin,Brandon Austin,19,GKP,4.0,1.0,0.0,0,a
496,Kinsky,Antonín Kinský,19,GKP,4.5,17.1,4.5,18,a
497,Dubravka,Martin Dubravka,19,GKP,4.0,17.1,0.0,0,a
498,Senesi,Marcos Senesi Barón,19,DEF,5.8,3.5,0.0,3,a
499,Pedro Porro,Pedro Porro Sauceda,19,DEF,5.4,7.5,0.5,9,d
500,Romero,Cristian Romero,19,DEF,5.0,0.1,0.0,0,u
502,Robertson,Andrew Robertson,19,DEF,4.4,2.5,5.5,17,a
503,Van de Ven,Micky van de Ven,19,DEF,5.0,3.8,3.5,16,a
505,Spence,Djed Spence,19,DEF,4.5,0.2,0.0,0,u
506,Udogie,Destiny Udogie,19,DEF,4.4,0.3,0.0,7,a
507,Phillips,Ashley Phillips,19,DEF,4.5,0.0,0.0,0,u
508,Davies,Ben Davies,19,DEF,3.9,0.9,0.0,0,a
509,Byfield,Jun'ai Byfield,19,DEF,4.0,0.1,0.0,0,a
510,Rowswell,James Rowswell,19,DEF,4.0,0.1,0.0,0,a
511,Souza,João Victor de Souza Menezes,19,DEF,4.0,0.2,0.0,0,u
512,Kudus,Mohammed Kudus,19,MID,6.5,0.2,2.5,7,a
513,Xavi,Xavi Simons,19,MID,5.9,0.0,0.0,0,i
514,Tel,Mathys Tel,19,MID,5.7,0.2,0.5,8,a
515,Maddison,James Maddison,19,MID,6.3,0.4,1.0,3,a
516,Bentancur,Rodrigo Bentancur,19,MID,5.5,0.2,3.5,15,a
517,Odobert,Wilson Odobert,19,MID,5.5,0.0,0.0,0,i
518,P.M.Sarr,Pape Matar Sarr,19,MID,4.9,0.1,0.0,0,u
519,Gallagher,Conor Gallagher,19,MID,5.3,0.2,3.0,9,a
520,Bergvall,Lucas Bergvall,19,MID,5.3,0.1,1.0,3,a
521,Kulusevski,Dejan Kulusevski,19,MID,6.5,0.0,0.0,0,i
522,Gray,Archie Gray,19,MID,4.9,0.2,2.5,9,a
523,Moore,Mikey Moore,19,MID,5.0,0.1,0.0,3,u
524,Olusesi,Callum Olusesi,19,MID,4.4,1.0,0.0,0,a
525,Fernandes,Mateus Fernandes,19,MID,5.7,0.8,2.0,7,a
526,Solanke,Dominic Solanke-Mitchell,19,FWD,5.8,0.8,2.0,7,a
527,Richarlison,Richarlison de Andrade,19,FWD,5.9,0.6,0.0,2,u
528,Scarlett,Dane Scarlett,19,FWD,4.5,1.1,0.0,0,u
578,Mudryk,Mykhailo Mudryk,19,MID,5.3,0.0,0.0,1,i
601,Williams-Barnett,Luca Williams-Barnett,19,MID,4.5,0.1,0.0,0,a
501,Danso,Kevin Danso,20,DEF,5.0,0.2,0.5,3,a
529,Roefs,Robin Roefs,20,GKP,4.9,2.4,1.0,11,a
530,Patterson,Anthony Patterson,20,GKP,4.0,0.1,0.0,0,u
531,Ellborg,Melker Ellborg,20,GKP,4.4,0.1,0.0,0,a
532,Ballard,Daniel Ballard,20,DEF,4.9,2.5,1.0,14,d
533,Mukiele,Nordi Mukiele,20,DEF,5.4,1.9,0.0,13,a
534,Hume,Trai Hume,20,DEF,4.3,2.8,0.5,10,a
535,Alderete,Omar Alderete,20,DEF,4.8,0.2,0.0,1,a
536,Reinildo,Reinildo Mandava,20,DEF,4.4,0.3,-1.0,7,a
537,Seelt,Jenson Seelt,20,DEF,4.5,0.0,0.0,0,u
538,Hjelde,Leo Fuhr Hjelde,20,DEF,4.0,0.0,0.0,0,u
539,O'Nien,Luke O'Nien,20,DEF,3.9,2.5,0.0,1,a
540,Masuaku,Arthur Masuaku,20,DEF,4.0,0.1,0.0,0,u
541,Meunier,Thomas Meunier,20,DEF,4.5,0.3,2.5,14,a
542,E.Le Fée,Enzo Le Fée,20,MID,5.7,3.3,2.5,18,a
543,Diarra,Habib Diarra,20,MID,5.3,0.0,0.0,5,i
544,Xhaka,Granit Xhaka,20,MID,5.5,3.6,1.5,21,a
545,Sadiki,Noah Sadiki,20,MID,4.9,0.2,2.0,10,a
546,Adingra,Simon Adingra,20,MID,4.9,0.0,0.0,0,u
547,Mundle,Romaine Mundle,20,MID,4.9,0.0,0.0,1,i
548,Rigg,Chris Rigg,20,MID,4.9,0.0,0.0,2,a
549,Talbi,Chemsdine Talbi,20,MID,5.3,0.1,0.0,1,a
550,Jocelin.T,Djiamgone Jocelin Ta Bi,20,MID,5.0,0.0,0.0,0,a
551,N.Angulo,Nilson Angulo,20,MID,5.0,0.1,3.0,16,a
552,Brobbey,Brian Brobbey,20,FWD,5.7,6.9,9.0,24,d
553,Isidor,Wilson Isidor,20,FWD,5.5,1.3,1.0,15,a
612,Methalie,Dayann Méthalie,20,DEF,4.5,0.0,-0.5,-1,a
613,Ahoka,Jules Ahoka,20,MID,4.5,0.2,0.0,0,a
646,Fofana,Malick Fofana,20,MID,5.5,0.0,1.0,3,a
651,J.Angulo,Juan Angulo,20,FWD,4.5,0.7,0.0,0,a
