gameweek,player_id,squad_slot,is_captain,is_vice_captain,started,multiplier,player_points,points_counted,points_on_bench
1,3,1,False,False,True,1,5.0,5.0,0.0
1,11,2,False,False,True,1,6.0,6.0,0.0
1,10,3,True,False,True,2,2.0,4.0,0.0
1,12,4,False,False,True,1,2.0,2.0,0.0
1,18,5,False,False,True,1,2.0,2.0,0.0
1,25,6,False,False,True,1,11.0,11.0,0.0
1,27,7,False,True,True,1,3.0,3.0,0.0
1,19,8,False,False,True,1,8.0,8.0,0.0
1,26,9,False,False,True,1,3.0,3.0,0.0
1,37,10,False,False,True,1,2.0,2.0,0.0
1,29,11,False,False,True,1,6.0,6.0,0.0
1,4,12,False,False,False,0,3.0,0.0,3.0
1,31,13,False,False,False,0,3.0,0.0,3.0
1,35,14,False,False,False,0,2.0,0.0,2.0
1,36,15,False,False,False,0,2.0,0.0,2.0
2,3,1,False,False,True,1,6.0,6.0,0.0
2,11,2,False,False,True,1,2.0,2.0,0.0
2,10,3,True,False,True,2,3.0,6.0,0.0
2,12,4,False,False,True,1,6.0,6.0,0.0
2,18,5,False,False,True,1,5.0,5.0,0.0
2,25,6,False,False,True,1,11.0,11.0,0.0
2,27,7,False,True,True,1,2.0,2.0,0.0
2,19,8,False,False,True,1,2.0,2.0,0.0
2,26,9,False,False,True,1,2.0,2.0,0.0
2,37,10,False,False,True,1,5.0,5.0,0.0
2,29,11,False,False,True,1,2.0,2.0,0.0
2,4,12,False,False,False,0,3.0,0.0,3.0
2,31,13,False,False,False,0,3.0,0.0,3.0
2,35,14,False,False,False,0,2.0,0.0,2.0
2,36,15,False,False,False,0,4.0,0.0,4.0
3,3,1,False,False,True,1,6.0,6.0,0.0
3,11,2,False,False,True,1,2.0,2.0,0.0
3,10,3,True,False,True,2,6.0,12.0,0.0
3,12,4,False,False,True,1,3.0,3.0,0.0
3,18,5,False,False,True,1,14.0,14.0,0.0
3,25,6,False,False,True,1,2.0,2.0,0.0
3,27,7,False,True,True,1,15.0,15.0,0.0
3,19,8,False,False,True,1,11.0,11.0,0.0
3,26,9,False,False,True,1,5.0,5.0,0.0
3,37,10,False,False,False,0,2.0,0.0,2.0
3,29,11,False,False,True,1,10.0,10.0,0.0
3,4,12,False,False,True,1,2.0,2.0,0.0
3,31,13,False,False,False,0,2.0,0.0,2.0
3,35,14,False,False,False,0,10.0,0.0,10.0
3,36,15,False,False,False,0,8.0,0.0,8.0
4,3,1,False,False,True,1,2.0,2.0,0.0
4,11,2,False,False,True,1,6.0,6.0,0.0
4,10,3,True,False,True,2,5.0,10.0,0.0
4,12,4,False,False,True,1,2.0,2.0,0.0
4,18,5,False,False,True,1,4.0,4.0,0.0
4,25,6,False,False,True,1,11.0,11.0,0.0
4,27,7,False,True,True,1,9.0,9.0,0.0
4,19,8,False,False,True,1,3.0,3.0,0.0
4,26,9,False,False,True,1,20.0,20.0,0.0
4,37,10,False,False,True,1,2.0,2.0,0.0
4,29,11,False,False,True,1,6.0,6.0,0.0
4,4,12,False,False,False,0,2.0,0.0,2.0
4,31,13,False,False,False,0,6.0,0.0,6.0
4,35,14,False,False,False,0,7.0,0.0,7.0
4,36,15,False,False,False,0,8.0,0.0,8.0
5,3,1,False,False,True,1,2.0,2.0,0.0
5,11,2,False,False,True,1,6.0,6.0,0.0
5,10,3,True,False,True,2,2.0,4.0,0.0
5,12,4,False,False,True,1,3.0,3.0,0.0
5,18,5,False,False,True,1,2.0,2.0,0.0
5,25,6,False,False,True,1,2.0,2.0,0.0
5,27,7,False,True,True,1,8.0,8.0,0.0
5,19,8,False,False,True,1,8.0,8.0,0.0
5,26,9,False,False,True,1,3.0,3.0,0.0
5,37,10,False,False,True,1,0.0,0.0,0.0
5,29,11,False,False,True,1,2.0,2.0,0.0
5,4,12,False,False,False,0,6.0,0.0,6.0
5,31,13,False,False,False,0,10.0,0.0,10.0
5,35,14,False,False,False,0,5.0,0.0,5.0
5,36,15,False,False,False,0,2.0,0.0,2.0
