player_id,gameweek,minutes,total_points,goals_scored,assists,clean_sheets,goals_conceded,saves,bonus,bps,yellow_cards,red_cards,expected_goals,expected_assists,expected_goal_involvements,defensive_contribution
1,1,90,2,0,0,0,0,0,0,0,0,0,0.13,0.39,0.0,0
2,1,90,2,0,0,0,0,0,0,0,0,0,0.86,0.2,0.0,0
3,1,60,5,0,1,0,0,0,0,0,0,0,0.77,0.07,0.0,0
4,1,60,3,0,0,0,0,0,1,10,0,0,0.67,0.03,0.0,0
5,1,60,6,0,0,1,0,0,0,0,0,0,0.4,0.14,0.0,0
6,1,60,2,0,0,0,0,0,0,0,0,0,0.45,0.12,0.0,0
7,1,90,4,0,0,0,0,0,2,20,0,0,0.82,0.48,0.0,0
8,1,90,5,0,1,0,0,0,0,0,0,0,0.58,0.41,0.0,0
9,1,90,4,0,0,0,0,0,2,20,0,0,0.55,0.12,0.0,0
10,1,90,2,0,0,0,0,0,0,0,0,0,0.78,0.01,0.0,0
11,1,60,6,0,0,1,0,0,0,0,0,0,0.65,0.15,0.0,0
12,1,90,2,0,0,0,0,0,0,0,0,0,0.35,0.3,0.0,0
13,1,90,4,0,0,0,0,0,2,20,0,0,0.59,0.46,0.0,0
14,1,90,2,0,0,0,0,0,0,0,0,0,0.04,0.24,0.0,0
15,1,90,3,0,0,0,0,0,1,10,0,0,0.36,0.01,0.0,0
16,1,60,6,0,0,1,0,0,0,0,0,0,0.28,0.12,0.0,0
17,1,90,2,0,0,0,0,0,0,0,0,0,0.64,0.3,0.0,0
18,1,60,2,0,0,0,0,0,0,0,0,0,0.81,0.43,0.0,0
19,1,90,8,1,0,0,0,0,0,0,0,0,0.14,0.41,0.0,0
20,1,60,16,2,0,0,0,0,2,20,0,0,0.37,0.37,0.0,0
21,1,90,2,0,0,0,0,0,0,0,0,0,0.18,0.28,0.0,0
22,1,90,3,0,0,0,0,0,1,10,0,0,0.56,0.15,0.0,0
23,1,60,11,1,0,0,0,0,3,30,0,0,0.07,0.46,0.0,0
24,1,90,2,0,0,0,0,0,0,0,0,0,0.65,0.29,0.0,0
25,1,90,11,1,1,0,0,0,0,0,0,0,0.89,0.49,0.0,0
26,1,90,3,0,0,0,0,0,1,10,0,0,0.22,0.25,0.0,0
27,1,60,3,0,0,0,0,0,1,10,0,0,0.53,0.34,0.0,0
28,1,90,5,0,1,0,0,0,0,0,0,0,0.13,0.36,0.0,0
29,1,90,6,1,0,0,0,0,0,0,0,0,0.49,0.49,0.0,0
30,1,60,5,0,0,0,0,0,3,30,0,0,0.26,0.29,0.0,0
31,1,90,3,0,0,0,0,0,1,10,0,0,0.12,0.28,0.0,0
32,1,90,2,0,0,0,0,0,0,0,0,0,0.45,0.02,0.0,0
33,1,60,5,0,1,0,0,0,0,0,0,0,0.66,0.01,0.0,0
34,1,60,2,0,0,0,0,0,0,0,0,0,0.25,0.13,0.0,0
35,1,90,2,0,0,0,0,0,0,0,0,0,0.43,0.04,0.0,0
36,1,90,2,0,0,0,0,0,0,0,0,0,0.3,0.27,0.0,0
37,1,90,2,0,0,0,0,0,0,0,0,0,0.67,0.3,0.0,0
1,2,60,2,0,0,0,0,0,0,0,0,0,0.82,0.11,0.0,0
2,2,60,5,0,1,0,0,0,0,0,0,0,0.06,0.05,0.0,0
3,2,90,6,0,0,1,0,0,0,0,0,0,0.27,0.39,0.0,0
4,2,90,3,0,0,0,0,0,1,10,0,0,0.09,0.2,0.0,0
5,2,90,3,0,0,0,0,0,1,10,0,0,0.61,0.45,0.0,0
6,2,60,2,0,0,0,0,0,0,0,0,0,0.11,0.02,0.0,0
7,2,60,7,0,0,1,0,0,1,10,0,0,0.89,0.03,0.0,0
8,2,60,6,0,0,1,0,0,0,0,0,0,0.48,0.34,0.0,0
9,2,90,6,0,1,0,0,0,1,10,0,0,0.15,0.09,0.0,0
10,2,90,3,0,0,0,0,0,1,10,0,0,0.86,0.18,0.0,0
11,2,60,2,0,0,0,0,0,0,0,0,0,0.33,0.07,0.0,0
12,2,90,6,0,0,1,0,0,0,0,0,0,0.43,0.1,0.0,0
13,2,90,2,0,0,0,0,0,0,0,0,0,0.32,0.48,0.0,0
14,2,90,2,0,0,0,0,0,0,0,0,0,0.28,0.47,0.0,0
15,2,90,8,0,0,1,0,0,2,20,0,0,0.33,0.39,0.0,0
16,2,90,2,0,0,0,0,0,0,0,0,0,0.06,0.28,0.0,0
17,2,60,2,0,0,0,0,0,0,0,0,0,0.8,0.0,0.0,0
18,2,90,5,0,1,0,0,0,0,0,0,0,0.61,0.15,0.0,0
19,2,90,2,0,0,0,0,0,0,0,0,0,0.23,0.0,0.0,0
20,2,90,11,1,0,0,0,0,3,30,0,0,0.58,0.21,0.0,0
21,2,90,2,0,0,0,0,0,0,0,0,0,0.35,0.46,0.0,0
22,2,90,2,0,0,0,0,0,0,0,0,0,0.4,0.47,0.0,0
23,2,60,4,0,0,0,0,0,2,20,0,0,0.24,0.47,0.0,0
24,2,60,3,0,0,0,0,0,1,10,0,0,0.72,0.05,0.0,0
25,2,90,11,1,1,0,0,0,0,0,0,0,0.42,0.38,0.0,0
26,2,90,2,0,0,0,0,0,0,0,0,0,0.58,0.46,0.0,0
27,2,90,2,0,0,0,0,0,0,0,0,0,0.7,0.23,0.0,0
28,2,90,17,2,0,0,0,0,3,30,0,0,0.56,0.15,0.0,0
29,2,60,2,0,0,0,0,0,0,0,0,0,0.48,0.38,0.0,0
30,2,90,12,2,0,0,0,0,2,20,0,0,0.05,0.18,0.0,0
31,2,90,3,0,0,0,0,0,1,10,0,0,0.77,0.44,0.0,0
32,2,90,2,0,0,0,0,0,0,0,0,0,0.32,0.03,0.0,0
33,2,90,2,0,0,0,0,0,0,0,0,0,0.16,0.23,0.0,0
34,2,90,2,0,0,0,0,0,0,0,0,0,0.78,0.21,0.0,0
35,2,90,2,0,0,0,0,0,0,0,0,0,0.7,0.25,0.0,0
36,2,90,4,0,0,0,0,0,2,20,0,0,0.58,0.5,0.0,0
37,2,60,5,0,1,0,0,0,0,0,0,0,0.64,0.43,0.0,0
1,3,90,6,0,0,1,0,0,0,0,0,0,0.52,0.09,0.0,0
2,3,90,6,0,0,1,0,0,0,0,0,0,0.28,0.41,0.0,0
3,3,90,6,0,0,1,0,0,0,0,0,0,0.67,0.2,0.0,0
4,3,60,2,0,0,0,0,0,0,0,0,0,0.47,0.08,0.0,0
5,3,90,5,0,1,0,0,0,0,0,0,0,0.55,0.49,0.0,0
6,3,90,2,0,0,0,0,0,0,0,0,0,0.75,0.28,0.0,0
7,3,90,2,0,0,0,0,0,0,0,0,0,0.4,0.05,0.0,0
8,3,90,5,0,1,0,0,0,0,0,0,0,0.43,0.22,0.0,0
9,3,90,2,0,0,0,0,0,0,0,0,0,0.3,0.37,0.0,0
10,3,60,6,0,0,1,0,0,0,0,0,0,0.66,0.14,0.0,0
11,3,90,2,0,0,0,0,0,0,0,0,0,0.68,0.16,0.0,0
12,3,90,3,0,0,0,0,0,1,10,0,0,0.75,0.36,0.0,0
13,3,60,2,0,0,0,0,0,0,0,0,0,0.56,0.5,0.0,0
14,3,90,7,0,1,0,0,0,2,20,0,0,0.16,0.05,0.0,0
15,3,60,6,0,0,1,0,0,0,0,0,0,0.6,0.0,0.0,0
16,3,90,6,0,0,1,0,0,0,0,0,0,0.67,0.36,0.0,0
17,3,90,4,0,0,0,0,0,2,20,0,0,0.1,0.36,0.0,0
18,3,60,14,2,0,0,0,0,0,0,0,0,0.21,0.03,0.0,0
19,3,90,11,1,1,0,0,0,0,0,0,0,0.73,0.42,0.0,0
20,3,90,5,0,1,0,0,0,0,0,0,0,0.74,0.34,0.0,0
21,3,60,2,0,0,0,0,0,0,0,0,0,0.53,0.31,0.0,0
22,3,90,5,0,0,0,0,0,3,30,0,0,0.04,0.32,0.0,0
23,3,90,2,0,0,0,0,0,0,0,0,0,0.45,0.39,0.0,0
24,3,90,2,0,0,0,0,0,0,0,0,0,0.89,0.18,0.0,0
25,3,90,2,0,0,0,0,0,0,0,0,0,0.22,0.42,0.0,0
26,3,90,5,0,1,0,0,0,0,0,0,0,0.06,0.31,0.0,0
27,3,60,15,2,0,0,0,0,1,10,0,0,0.67,0.18,0.0,0
28,3,90,2,0,0,0,0,0,0,0,0,0,0.14,0.2,0.0,0
29,3,60,10,2,0,0,0,0,0,0,0,0,0.4,0.39,0.0,0
30,3,90,2,0,0,0,0,0,0,0,0,0,0.66,0.31,0.0,0
31,3,60,2,0,0,0,0,0,0,0,0,0,0.87,0.28,0.0,0
32,3,90,2,0,0,0,0,0,0,0,0,0,0.17,0.16,0.0,0
33,3,90,13,2,1,0,0,0,0,0,0,0,0.85,0.47,0.0,0
34,3,90,10,2,0,0,0,0,0,0,0,0,0.58,0.47,0.0,0
35,3,90,10,2,0,0,0,0,0,0,0,0,0.72,0.42,0.0,0
36,3,90,8,1,0,0,0,0,0,0,0,0,0.63,0.05,0.0,0
37,3,90,2,0,0,0,0,0,0,0,0,0,0.74,0.42,0.0,0
1,4,90,9,0,0,1,0,0,3,30,0,0,0.3,0.42,0.0,0
2,4,90,5,0,0,0,0,0,3,30,0,0,0.38,0.12,0.0,0
3,4,90,2,0,0,0,0,0,0,0,0,0,0.29,0.42,0.0,0
4,4,90,2,0,0,0,0,0,0,0,0,0,0.46,0.24,0.0,0
5,4,90,9,0,1,1,0,0,0,0,0,0,0.54,0.45,0.0,0
6,4,90,6,0,0,1,0,0,0,0,0,0,0.89,0.03,0.0,0
7,4,60,5,0,1,0,0,0,0,0,0,0,0.8,0.3,0.0,0
8,4,60,9,0,1,1,0,0,0,0,0,0,0.39,0.14,0.0,0
9,4,60,6,0,0,1,0,0,0,0,0,0,0.56,0.17,0.0,0
10,4,90,5,0,1,0,0,0,0,0,0,0,0.54,0.26,0.0,0
11,4,90,6,0,0,1,0,0,0,0,0,0,0.8,0.05,0.0,0
12,4,60,2,0,0,0,0,0,0,0,0,0,0.64,0.3,0.0,0
13,4,90,5,0,1,0,0,0,0,0,0,0,0.38,0.17,0.0,0
14,4,90,2,0,0,0,0,0,0,0,0,0,0.68,0.06,0.0,0
15,4,90,6,0,0,1,0,0,0,0,0,0,0.37,0.18,0.0,0
16,4,90,2,0,0,0,0,0,0,0,0,0,0.89,0.4,0.0,0
17,4,60,8,1,0,0,0,0,0,0,0,0,0.88,0.48,0.0,0
18,4,60,4,0,0,0,0,0,2,20,0,0,0.2,0.5,0.0,0
19,4,90,3,0,0,0,0,0,1,10,0,0,0.23,0.26,0.0,0
20,4,90,4,0,0,0,0,0,2,20,0,0,0.09,0.4,0.0,0
21,4,90,8,1,0,0,0,0,0,0,0,0,0.08,0.43,0.0,0
22,4,60,2,0,0,0,0,0,0,0,0,0,0.57,0.07,0.0,0
23,4,90,4,0,0,0,0,0,2,20,0,0,0.08,0.03,0.0,0
24,4,90,8,1,0,0,0,0,0,0,0,0,0.54,0.23,0.0,0
25,4,90,11,1,1,0,0,0,0,0,0,0,0.07,0.32,0.0,0
26,4,90,20,2,1,0,0,0,3,30,0,0,0.37,0.06,0.0,0
27,4,90,9,1,0,0,0,0,1,10,0,0,0.21,0.28,0.0,0
28,4,90,8,1,0,0,0,0,0,0,0,0,0.73,0.16,0.0,0
29,4,90,6,0,1,0,0,0,1,10,0,0,0.89,0.4,0.0,0
30,4,60,4,0,0,0,0,0,2,20,0,0,0.32,0.11,0.0,0
31,4,90,6,0,1,0,0,0,1,10,0,0,0.01,0.42,0.0,0
32,4,90,8,1,0,0,0,0,2,20,0,0,0.58,0.16,0.0,0
33,4,60,2,0,0,0,0,0,0,0,0,0,0.2,0.32,0.0,0
34,4,90,2,0,0,0,0,0,0,0,0,0,0.23,0.32,0.0,0
35,4,60,7,1,0,0,0,0,1,10,0,0,0.55,0.32,0.0,0
36,4,90,8,1,0,0,0,0,0,0,0,0,0.5,0.35,0.0,0
37,4,90,2,0,0,0,0,0,0,0,0,0,0.75,0.48,0.0,0
1,5,60,9,0,0,1,0,0,3,30,0,0,0.79,0.01,0.0,0
2,5,60,7,0,1,0,0,0,2,20,0,0,0.58,0.43,0.0,0
3,5,90,2,0,0,0,0,0,0,0,0,0,0.59,0.24,0.0,0
4,5,90,6,0,0,1,0,0,0,0,0,0,0.47,0.3,0.0,0
5,5,0,0,0,0,0,0,0,0,0,0,0,0.0,0.0,0.0,0
6,5,90,2,0,0,0,0,0,0,0,0,0,0.62,0.22,0.0,0
7,5,90,3,0,0,0,0,0,1,10,0,0,0.11,0.23,0.0,0
8,5,90,2,0,0,0,0,0,0,0,0,0,0.5,0.08,0.0,0
9,5,90,5,0,1,0,0,0,0,0,0,0,0.85,0.38,0.0,0
10,5,90,2,0,0,0,0,0,0,0,0,0,0.59,0.24,0.0,0
11,5,90,6,0,0,1,0,0,0,0,0,0,0.14,0.29,0.0,0
12,5,90,3,0,0,0,0,0,1,10,0,0,0.04,0.5,0.0,0
13,5,90,2,0,0,0,0,0,0,0,0,0,0.43,0.01,0.0,0
14,5,90,6,0,0,1,0,0,0,0,0,0,0.81,0.39,0.0,0
15,5,60,4,0,0,0,0,0,2,20,0,0,0.0,0.08,0.0,0
16,5,90,8,0,0,1,0,0,2,20,0,0,0.1,0.06,0.0,0
17,5,90,2,0,0,0,0,0,0,0,0,0,0.39,0.08,0.0,0
18,5,90,2,0,0,0,0,0,0,0,0,0,0.41,0.1,0.0,0
19,5,90,8,1,0,0,0,0,0,0,0,0,0.9,0.01,0.0,0
20,5,60,3,0,0,0,0,0,1,10,0,0,0.54,0.1,0.0,0
21,5,60,3,0,0,0,0,0,1,10,0,0,0.68,0.4,0.0,0
22,5,90,8,1,0,0,0,0,0,0,0,0,0.36,0.07,0.0,0
23,5,60,2,0,0,0,0,0,0,0,0,0,0.48,0.33,0.0,0
24,5,90,8,0,1,0,0,0,3,30,0,0,0.4,0.46,0.0,0
25,5,90,2,0,0,0,0,0,0,0,0,0,0.65,0.08,0.0,0
26,5,90,3,0,0,0,0,0,1,10,0,0,0.36,0.41,0.0,0
27,5,60,8,1,0,0,0,0,0,0,0,0,0.18,0.4,0.0,0
28,5,90,2,0,0,0,0,0,0,0,0,0,0.23,0.23,0.0,0
29,5,90,2,0,0,0,0,0,0,0,0,0,0.87,0.41,0.0,0
30,5,60,2,0,0,0,0,0,0,0,0,0,0.41,0.01,0.0,0
31,5,90,10,2,0,0,0,0,0,0,0,0,0.88,0.23,0.0,0
32,5,60,2,0,0,0,0,0,0,0,0,0,0.78,0.47,0.0,0
33,5,90,5,0,1,0,0,0,0,0,0,0,0.08,0.2,0.0,0
34,5,60,2,0,0,0,0,0,0,0,0,0,0.04,0.13,0.0,0
35,5,90,5,0,1,0,0,0,0,0,0,0,0.88,0.2,0.0,0
36,5,90,2,0,0,0,0,0,0,0,0,0,0.56,0.05,0.0,0
37,5,0,0,0,0,0,0,0,0,0,0,0,0.0,0.0,0.0,0
