gameweek,kickoff_time,finished,team_id,opponent_id,is_home,difficulty,goals_for,goals_against
1,2026-08-21T19:00:00Z,True,1,7,True,2,3.0,0.0
1,2026-08-23T13:00:00Z,True,2,5,False,4,0.0,4.0
1,2026-08-23T13:00:00Z,True,3,15,False,5,1.0,2.0
1,2026-08-22T16:30:00Z,True,4,19,True,2,3.0,0.0
1,2026-08-23T13:00:00Z,True,5,2,True,3,4.0,0.0
1,2026-08-24T19:00:00Z,True,6,10,False,3,3.0,2.0
1,2026-08-21T19:00:00Z,True,7,1,False,5,0.0,3.0
1,2026-08-22T14:00:00Z,True,8,9,False,3,0.0,2.0
1,2026-08-22T14:00:00Z,True,9,8,True,2,2.0,0.0
1,2026-08-24T19:00:00Z,True,10,6,True,4,2.0,3.0
1,2026-08-22T11:30:00Z,True,11,16,True,4,2.0,0.0
1,2026-08-22T14:00:00Z,True,12,20,True,3,2.0,1.0
1,2026-08-22T14:00:00Z,True,13,18,False,3,1.0,0.0
1,2026-08-23T15:30:00Z,True,14,17,False,3,2.0,2.0
1,2026-08-23T13:00:00Z,True,15,3,True,3,2.0,1.0
1,2026-08-22T11:30:00Z,True,16,11,False,2,0.0,2.0
1,2026-08-23T15:30:00Z,True,17,14,True,4,2.0,2.0
1,2026-08-22T14:00:00Z,True,18,13,True,3,0.0,1.0
1,2026-08-22T16:30:00Z,True,19,4,False,3,0.0,3.0
1,2026-08-22T14:00:00Z,True,20,12,False,2,1.0,2.0
2,2026-08-31T19:00:00Z,True,1,2,False,3,1.0,0.0
2,2026-08-31T19:00:00Z,True,2,1,True,4,0.0,1.0
2,2026-08-29T14:00:00Z,True,3,9,True,3,1.0,1.0
2,2026-08-30T13:00:00Z,True,4,13,False,3,1.0,1.0
2,2026-08-30T13:00:00Z,True,5,6,False,4,3.0,4.0
2,2026-08-30T13:00:00Z,True,6,5,True,3,4.0,3.0
2,2026-08-29T14:00:00Z,True,7,11,True,2,0.0,1.0
2,2026-08-28T19:00:00Z,True,8,15,True,4,1.0,4.0
2,2026-08-29T14:00:00Z,True,9,3,False,3,1.0,1.0
2,2026-08-30T13:00:00Z,True,10,20,False,3,0.0,1.0
2,2026-08-29T14:00:00Z,True,11,7,False,2,1.0,0.0
2,2026-08-30T15:30:00Z,True,12,16,False,4,2.0,5.0
2,2026-08-30T13:00:00Z,True,13,4,True,3,1.0,1.0
2,2026-08-29T11:30:00Z,True,14,18,True,3,2.0,2.0
2,2026-08-28T19:00:00Z,True,15,8,False,3,4.0,1.0
2,2026-08-30T15:30:00Z,True,16,12,True,2,5.0,2.0
2,2026-08-29T16:30:00Z,True,17,19,False,3,2.0,0.0
2,2026-08-29T11:30:00Z,True,18,14,False,4,2.0,2.0
2,2026-08-29T16:30:00Z,True,19,17,True,3,0.0,2.0
2,2026-08-30T13:00:00Z,True,20,10,True,2,1.0,0.0
3,2026-09-06T15:30:00Z,True,1,6,True,4,2.0,1.0
3,2026-09-05T16:30:00Z,True,2,11,False,2,0.0,0.0
3,2026-09-05T11:30:00Z,True,3,17,False,3,2.0,2.0
3,2026-09-05T14:00:00Z,True,4,20,True,3,1.0,1.0
3,2026-09-05T14:00:00Z,True,5,13,True,3,1.0,1.0
3,2026-09-06T15:30:00Z,True,6,1,False,5,1.0,2.0
3,2026-09-05T14:00:00Z,True,7,15,False,5,0.0,1.0
3,2026-09-05T14:00:00Z,True,8,10,False,3,3.0,2.0
3,2026-09-06T13:00:00Z,True,9,16,True,4,2.0,2.0
3,2026-09-05T14:00:00Z,True,10,8,True,2,2.0,3.0
3,2026-09-05T16:30:00Z,True,11,2,True,3,0.0,0.0
3,2026-09-04T19:00:00Z,True,12,14,True,4,0.0,2.0
3,2026-09-05T14:00:00Z,True,13,5,False,4,1.0,1.0
3,2026-09-04T19:00:00Z,True,14,12,False,2,2.0,0.0
3,2026-09-05T14:00:00Z,True,15,7,True,2,1.0,0.0
3,2026-09-06T13:00:00Z,True,16,9,False,3,2.0,2.0
3,2026-09-05T11:30:00Z,True,17,3,True,3,2.0,2.0
3,2026-09-05T14:00:00Z,True,18,19,True,2,0.0,0.0
3,2026-09-05T14:00:00Z,True,19,18,False,3,0.0,0.0
3,2026-09-05T14:00:00Z,True,20,4,False,3,1.0,1.0
4,2026-09-12T19:00:00Z,True,1,20,False,3,2.0,0.0
4,2026-09-12T14:00:00Z,True,2,18,True,3,1.0,2.0
4,2026-09-12T14:00:00Z,True,3,4,True,3,2.0,2.0
4,2026-09-12T14:00:00Z,True,4,3,False,3,2.0,2.0
4,2026-09-13T13:00:00Z,True,5,7,False,2,5.0,0.0
4,2026-09-12T14:00:00Z,True,6,11,True,2,2.0,2.0
4,2026-09-13T13:00:00Z,True,7,5,True,3,0.0,5.0
4,2026-09-12T14:00:00Z,True,8,12,True,2,2.0,3.0
4,2026-09-12T16:30:00Z,True,9,19,False,3,0.0,0.0
4,2026-09-12T14:00:00Z,True,10,14,False,4,0.0,0.0
4,2026-09-12T14:00:00Z,True,11,6,False,4,2.0,2.0
4,2026-09-12T14:00:00Z,True,12,8,False,3,3.0,2.0
4,2026-09-14T19:00:00Z,True,13,17,True,3,4.0,1.0
4,2026-09-12T14:00:00Z,True,14,10,True,2,0.0,0.0
4,2026-09-13T15:30:00Z,True,15,16,False,4,1.0,0.0
4,2026-09-13T15:30:00Z,True,16,15,True,4,0.0,1.0
4,2026-09-14T19:00:00Z,True,17,13,False,3,1.0,4.0
4,2026-09-12T14:00:00Z,True,18,2,False,3,2.0,1.0
4,2026-09-12T16:30:00Z,True,19,9,True,3,0.0,0.0
4,2026-09-12T19:00:00Z,True,20,1,True,4,0.0,2.0
5,2026-09-19T14:00:00Z,True,1,5,False,4,0.0,3.0
5,2026-09-19T11:30:00Z,True,2,19,False,3,3.0,2.0
5,2026-09-20T13:00:00Z,True,3,14,True,4,0.0,1.0
5,2026-09-18T19:00:00Z,True,4,6,True,4,3.0,0.0
5,2026-09-19T14:00:00Z,True,5,1,True,4,3.0,0.0
5,2026-09-18T19:00:00Z,True,6,4,False,3,0.0,3.0
5,2026-09-19T16:30:00Z,True,7,18,False,3,1.0,0.0
5,2026-09-20T13:00:00Z,True,8,13,False,3,0.0,0.0
5,2026-09-19T14:00:00Z,True,9,12,True,2,1.0,0.0
5,2026-09-20T15:30:00Z,True,10,16,True,4,1.0,1.0
5,2026-09-19T14:00:00Z,True,11,17,False,3,1.0,2.0
5,2026-09-19T14:00:00Z,True,12,9,False,3,0.0,1.0
5,2026-09-20T13:00:00Z,True,13,8,True,2,0.0,0.0
5,2026-09-20T13:00:00Z,True,14,3,False,3,1.0,0.0
5,2026-09-20T13:00:00Z,True,15,20,True,3,5.0,3.0
5,2026-09-20T15:30:00Z,True,16,10,False,3,1.0,1.0
5,2026-09-19T14:00:00Z,True,17,11,True,2,2.0,1.0
5,2026-09-19T16:30:00Z,True,18,7,True,2,0.0,1.0
5,2026-09-19T11:30:00Z,True,19,2,True,3,2.0,3.0
5,2026-09-20T13:00:00Z,True,20,15,False,5,3.0,5.0
6,2026-10-10T11:30:00Z,False,1,13,True,3,,
6,2026-10-10T14:00:00Z,False,2,4,True,3,,
6,2026-10-10T14:00:00Z,False,3,6,False,4,,
6,2026-10-10T14:00:00Z,False,4,2,False,3,,
6,2026-10-10T14:00:00Z,False,5,20,False,3,,
6,2026-10-10T14:00:00Z,False,6,3,True,3,,
6,2026-10-12T19:00:00Z,False,7,17,True,3,,
6,2026-10-11T13:00:00Z,False,8,18,True,3,,
6,2026-10-11T13:00:00Z,False,9,11,False,2,,
6,2026-10-10T14:00:00Z,False,10,12,False,2,,
6,2026-10-11T13:00:00Z,False,11,9,True,3,,
6,2026-10-10T14:00:00Z,False,12,10,True,2,,
6,2026-10-10T11:30:00Z,False,13,1,False,5,,
6,2026-10-11T15:30:00Z,False,14,15,True,4,,
6,2026-10-11T15:30:00Z,False,15,14,False,4,,
6,2026-10-10T16:30:00Z,False,16,19,True,2,,
6,2026-10-12T19:00:00Z,False,17,7,False,2,,
6,2026-10-11T13:00:00Z,False,18,8,False,3,,
6,2026-10-10T16:30:00Z,False,19,16,False,4,,
6,2026-10-10T14:00:00Z,False,20,5,True,3,,
7,2026-10-18T15:30:00Z,False,1,18,False,3,,
7,2026-10-17T16:30:00Z,False,2,17,False,3,,
7,2026-10-18T13:00:00Z,False,3,20,True,3,,
7,2026-10-17T14:00:00Z,False,4,14,True,4,,
7,2026-10-18T13:00:00Z,False,5,8,True,2,,
7,2026-10-17T11:30:00Z,False,6,9,False,3,,
7,2026-10-19T19:00:00Z,False,7,19,False,3,,
7,2026-10-18T13:00:00Z,False,8,5,False,4,,
7,2026-10-17T11:30:00Z,False,9,6,True,4,,
7,2026-10-17T14:00:00Z,False,10,11,True,2,,
7,2026-10-17T14:00:00Z,False,11,10,False,3,,
7,2026-10-17T14:00:00Z,False,12,15,False,5,,
7,2026-10-18T13:00:00Z,False,13,16,True,4,,
7,2026-10-17T14:00:00Z,False,14,4,False,3,,
7,2026-10-17T14:00:00Z,False,15,12,True,2,,
7,2026-10-18T13:00:00Z,False,16,13,False,3,,
7,2026-10-17T16:30:00Z,False,17,2,True,3,,
7,2026-10-18T15:30:00Z,False,18,1,True,4,,
7,2026-10-19T19:00:00Z,False,19,7,True,2,,
7,2026-10-18T13:00:00Z,False,20,3,False,3,,
8,2026-10-24T14:00:00Z,False,1,9,True,3,,
8,2026-10-24T11:30:00Z,False,2,15,True,4,,
8,2026-10-25T14:00:00Z,False,3,16,False,4,,
8,2026-10-25T14:00:00Z,False,4,11,False,2,,
8,2026-10-25T14:00:00Z,False,5,14,False,4,,
8,2026-10-24T16:30:00Z,False,6,19,True,2,,
8,2026-10-24T14:00:00Z,False,7,10,True,2,,
8,2026-10-25T14:00:00Z,False,8,17,True,3,,
8,2026-10-24T14:00:00Z,False,9,1,False,5,,
8,2026-10-24T14:00:00Z,False,10,7,False,2,,
8,2026-10-25T14:00:00Z,False,11,4,True,3,,
8,2026-10-23T19:00:00Z,False,12,18,True,3,,
8,2026-10-25T16:30:00Z,False,13,20,False,3,,
8,2026-10-25T14:00:00Z,False,14,5,True,3,,
8,2026-10-24T11:30:00Z,False,15,2,False,3,,
8,2026-10-25T14:00:00Z,False,16,3,True,3,,
8,2026-10-25T14:00:00Z,False,17,8,False,3,,
8,2026-10-23T19:00:00Z,False,18,12,False,2,,
8,2026-10-24T16:30:00Z,False,19,6,False,4,,
8,2026-10-25T16:30:00Z,False,20,13,True,3,,
9,2026-11-01T16:30:00Z,False,1,14,False,4,,
9,2026-10-31T20:00:00Z,False,2,10,True,2,,
9,2026-10-31T15:00:00Z,False,3,13,True,3,,
9,2026-10-31T15:00:00Z,False,4,18,True,3,,
9,2026-10-31T15:00:00Z,False,5,15,False,5,,
9,2026-10-31T12:30:00Z,False,6,16,True,4,,
9,2026-10-31T15:00:00Z,False,7,20,True,3,,
9,2026-10-31T17:30:00Z,False,8,19,False,3,,
9,2026-11-02T20:00:00Z,False,9,17,False,3,,
9,2026-10-31T20:00:00Z,False,10,2,False,3,,
9,2026-10-31T15:00:00Z,False,11,12,True,2,,
9,2026-10-31T15:00:00Z,False,12,11,False,2,,
9,2026-10-31T15:00:00Z,False,13,3,False,3,,
9,2026-11-01T16:30:00Z,False,14,1,True,4,,
9,2026-10-31T15:00:00Z,False,15,5,True,3,,
9,2026-10-31T12:30:00Z,False,16,6,False,4,,
9,2026-11-02T20:00:00Z,False,17,9,True,3,,
9,2026-10-31T15:00:00Z,False,18,4,False,3,,
9,2026-10-31T17:30:00Z,False,19,8,True,2,,
9,2026-10-31T15:00:00Z,False,20,7,False,2,,
10,2026-11-07T15:00:00Z,False,1,11,True,2,,
10,2026-11-08T16:30:00Z,False,2,16,False,4,,
10,2026-11-08T14:00:00Z,False,3,12,False,2,,
10,2026-11-08T14:00:00Z,False,4,5,False,4,,
10,2026-11-08T14:00:00Z,False,5,4,True,3,,
10,2026-11-08T14:00:00Z,False,6,20,False,3,,
10,2026-11-06T20:00:00Z,False,7,9,False,3,,
10,2026-11-08T14:00:00Z,False,8,14,True,4,,
10,2026-11-06T20:00:00Z,False,9,7,True,2,,
10,2026-11-07T15:00:00Z,False,10,17,True,3,,
10,2026-11-07T15:00:00Z,False,11,1,False,5,,
10,2026-11-08T14:00:00Z,False,12,3,True,3,,
10,2026-11-07T12:30:00Z,False,13,19,True,2,,
10,2026-11-08T14:00:00Z,False,14,8,False,3,,
10,2026-11-07T17:30:00Z,False,15,18,False,3,,
10,2026-11-08T16:30:00Z,False,16,2,True,3,,
10,2026-11-07T15:00:00Z,False,17,10,False,3,,
10,2026-11-07T17:30:00Z,False,18,15,True,4,,
10,2026-11-07T12:30:00Z,False,19,13,False,3,,
10,2026-11-08T14:00:00Z,False,20,6,True,4,,
11,2026-11-21T17:30:00Z,False,1,17,False,3,,
11,2026-11-21T15:00:00Z,False,2,20,True,3,,
11,2026-11-21T15:00:00Z,False,3,18,True,3,,
11,2026-11-23T20:00:00Z,False,4,9,True,3,,
11,2026-11-22T14:00:00Z,False,5,11,False,2,,
11,2026-11-21T15:00:00Z,False,6,13,True,3,,
11,2026-11-21T15:00:00Z,False,7,8,True,2,,
11,2026-11-21T15:00:00Z,False,8,7,False,2,,
11,2026-11-23T20:00:00Z,False,9,4,False,3,,
11,2026-11-21T12:30:00Z,False,10,15,False,5,,
11,2026-11-22T14:00:00Z,False,11,5,True,3,,
11,2026-11-21T15:00:00Z,False,12,19,False,3,,
11,2026-11-21T15:00:00Z,False,13,6,False,4,,
11,2026-11-22T16:30:00Z,False,14,16,True,4,,
11,2026-11-21T12:30:00Z,False,15,10,True,2,,
11,2026-11-22T16:30:00Z,False,16,14,False,4,,
11,2026-11-21T17:30:00Z,False,17,1,True,4,,
11,2026-11-21T15:00:00Z,False,18,3,False,3,,
11,2026-11-21T15:00:00Z,False,19,12,True,2,,
11,2026-11-21T15:00:00Z,False,20,2,False,3,,
12,2026-11-29T16:30:00Z,False,1,15,True,4,,
12,2026-11-28T17:30:00Z,False,2,12,False,2,,
12,2026-11-29T14:05:00Z,False,3,10,False,3,,
12,2026-11-28T15:00:00Z,False,4,16,False,4,,
12,2026-11-29T14:05:00Z,False,5,17,True,3,,
12,2026-11-27T20:00:00Z,False,6,18,False,3,,
12,2026-11-28T15:00:00Z,False,7,13,False,3,,
12,2026-11-29T14:05:00Z,False,8,11,True,2,,
12,2026-11-29T12:00:00Z,False,9,14,True,4,,
12,2026-11-29T14:05:00Z,False,10,3,True,3,,
12,2026-11-29T14:05:00Z,False,11,8,False,3,,
12,2026-11-28T17:30:00Z,False,12,2,True,3,,
12,2026-11-28T15:00:00Z,False,13,7,True,2,,
12,2026-11-29T12:00:00Z,False,14,9,False,3,,
12,2026-11-29T16:30:00Z,False,15,1,False,5,,
12,2026-11-28T15:00:00Z,False,16,4,True,3,,
12,2026-11-29T14:05:00Z,False,17,5,False,4,,
12,2026-11-27T20:00:00Z,False,18,6,True,4,,
12,2026-11-29T14:05:00Z,False,19,20,False,3,,
12,2026-11-29T14:05:00Z,False,20,19,True,2,,
13,2026-12-02T20:00:00Z,False,1,4,False,3,,
13,2026-12-02T20:00:00Z,False,2,9,True,3,,
13,2026-12-02T20:00:00Z,False,3,5,True,3,,
13,2026-12-02T20:00:00Z,False,4,1,True,4,,
13,2026-12-02T20:00:00Z,False,5,3,False,3,,
13,2026-12-02T20:00:00Z,False,6,8,True,2,,
13,2026-12-02T20:00:00Z,False,7,12,True,2,,
13,2026-12-02T20:00:00Z,False,8,6,False,4,,
13,2026-12-02T20:00:00Z,False,9,2,False,3,,
13,2026-12-02T20:00:00Z,False,10,19,False,3,,
13,2026-12-02T20:00:00Z,False,11,18,True,3,,
13,2026-12-02T20:00:00Z,False,12,7,False,2,,
13,2026-12-02T20:00:00Z,False,13,15,False,5,,
13,2026-12-02T20:00:00Z,False,14,20,True,3,,
13,2026-12-02T20:00:00Z,False,15,13,True,3,,
13,2026-12-02T20:00:00Z,False,16,17,False,3,,
13,2026-12-02T20:00:00Z,False,17,16,True,4,,
13,2026-12-02T20:00:00Z,False,18,11,False,2,,
13,2026-12-02T20:00:00Z,False,19,10,True,2,,
13,2026-12-02T20:00:00Z,False,20,14,False,4,,
14,2026-12-05T15:00:00Z,False,1,19,False,3,,
14,2026-12-05T15:00:00Z,False,2,8,True,2,,
14,2026-12-05T15:00:00Z,False,3,11,True,2,,
14,2026-12-05T15:00:00Z,False,4,15,True,4,,
14,2026-12-05T15:00:00Z,False,5,18,False,3,,
14,2026-12-05T15:00:00Z,False,6,14,True,4,,
14,2026-12-05T15:00:00Z,False,7,16,False,4,,
14,2026-12-05T15:00:00Z,False,8,2,False,3,,
14,2026-12-05T15:00:00Z,False,9,10,True,2,,
14,2026-12-05T15:00:00Z,False,10,9,False,3,,
14,2026-12-05T15:00:00Z,False,11,3,False,3,,
14,2026-12-05T15:00:00Z,False,12,13,False,3,,
14,2026-12-05T15:00:00Z,False,13,12,True,2,,
14,2026-12-05T15:00:00Z,False,14,6,False,4,,
14,2026-12-05T15:00:00Z,False,15,4,False,3,,
14,2026-12-05T15:00:00Z,False,16,7,True,2,,
14,2026-12-05T15:00:00Z,False,17,20,True,3,,
14,2026-12-05T15:00:00Z,False,18,5,True,3,,
14,2026-12-05T15:00:00Z,False,19,1,True,4,,
14,2026-12-05T15:00:00Z,False,20,17,False,3,,
15,2026-12-12T15:00:00Z,False,1,3,True,3,,
15,2026-12-12T15:00:00Z,False,2,7,False,2,,
15,2026-12-12T15:00:00Z,False,3,1,False,5,,
15,2026-12-12T15:00:00Z,False,4,10,False,3,,
15,2026-12-12T15:00:00Z,False,5,9,True,3,,
15,2026-12-12T15:00:00Z,False,6,15,False,5,,
15,2026-12-12T15:00:00Z,False,7,2,True,3,,
15,2026-12-12T15:00:00Z,False,8,16,True,4,,
15,2026-12-12T15:00:00Z,False,9,5,False,4,,
15,2026-12-12T15:00:00Z,False,10,4,True,3,,
15,2026-12-12T15:00:00Z,False,11,19,True,2,,
15,2026-12-12T15:00:00Z,False,12,17,True,3,,
15,2026-12-12T15:00:00Z,False,13,14,False,4,,
15,2026-12-12T15:00:00Z,False,14,13,True,3,,
15,2026-12-12T15:00:00Z,False,15,6,True,4,,
15,2026-12-12T15:00:00Z,False,16,8,False,3,,
15,2026-12-12T15:00:00Z,False,17,12,False,2,,
15,2026-12-12T15:00:00Z,False,18,20,False,3,,
15,2026-12-12T15:00:00Z,False,19,11,False,2,,
15,2026-12-12T15:00:00Z,False,20,18,True,3,,
16,2026-12-19T15:00:00Z,False,1,16,True,4,,
16,2026-12-19T15:00:00Z,False,2,6,False,4,,
16,2026-12-19T15:00:00Z,False,3,7,True,2,,
16,2026-12-19T15:00:00Z,False,4,17,True,3,,
16,2026-12-19T15:00:00Z,False,5,12,True,2,,
16,2026-12-19T15:00:00Z,False,6,2,True,3,,
16,2026-12-19T15:00:00Z,False,7,3,False,3,,
16,2026-12-19T15:00:00Z,False,8,20,False,3,,
16,2026-12-19T15:00:00Z,False,9,18,False,3,,
16,2026-12-19T15:00:00Z,False,10,13,False,3,,
16,2026-12-19T15:00:00Z,False,11,15,False,5,,
16,2026-12-19T15:00:00Z,False,12,5,False,4,,
16,2026-12-19T15:00:00Z,False,13,10,True,2,,
16,2026-12-19T15:00:00Z,False,14,19,True,2,,
16,2026-12-19T15:00:00Z,False,15,11,True,2,,
16,2026-12-19T15:00:00Z,False,16,1,False,5,,
16,2026-12-19T15:00:00Z,False,17,4,False,3,,
16,2026-12-19T15:00:00Z,False,18,9,True,3,,
16,2026-12-19T15:00:00Z,False,19,14,False,4,,
16,2026-12-19T15:00:00Z,False,20,8,True,2,,
17,2026-12-27T19:00:00Z,False,1,8,False,3,,
17,2026-12-26T12:30:00Z,False,2,13,True,3,,
17,2026-12-26T15:00:00Z,False,3,19,False,3,,
17,2026-12-26T15:00:00Z,False,4,12,False,2,,
17,2026-12-26T15:00:00Z,False,5,10,False,3,,
17,2026-12-27T14:00:00Z,False,6,7,False,2,,
17,2026-12-27T14:00:00Z,False,7,6,True,4,,
17,2026-12-27T19:00:00Z,False,8,1,True,4,,
17,2026-12-26T15:00:00Z,False,9,20,True,3,,
17,2026-12-26T15:00:00Z,False,10,5,True,3,,
17,2026-12-26T17:30:00Z,False,11,14,True,4,,
17,2026-12-26T15:00:00Z,False,12,4,True,3,,
17,2026-12-26T12:30:00Z,False,13,2,False,3,,
17,2026-12-26T17:30:00Z,False,14,11,False,2,,
17,2026-12-26T20:00:00Z,False,15,17,False,3,,
17,2026-12-27T16:30:00Z,False,16,18,True,3,,
17,2026-12-26T20:00:00Z,False,17,15,True,4,,
17,2026-12-27T16:30:00Z,False,18,16,False,4,,
17,2026-12-26T15:00:00Z,False,19,3,True,3,,
17,2026-12-26T15:00:00Z,False,20,9,False,3,,
18,2026-12-30T19:30:00Z,False,1,10,False,3,,
18,2026-12-30T20:15:00Z,False,2,14,True,4,,
18,2026-12-30T19:30:00Z,False,3,8,False,3,,
18,2026-12-30T19:30:00Z,False,4,7,False,2,,
18,2026-12-29T19:30:00Z,False,5,19,False,3,,
18,2026-12-30T20:15:00Z,False,6,12,False,2,,
18,2026-12-30T19:30:00Z,False,7,4,True,3,,
18,2026-12-30T19:30:00Z,False,8,3,True,3,,
18,2026-12-29T20:15:00Z,False,9,15,True,4,,
18,2026-12-30T19:30:00Z,False,10,1,True,4,,
18,2026-12-29T19:30:00Z,False,11,13,True,3,,
18,2026-12-30T20:15:00Z,False,12,6,True,4,,
18,2026-12-29T19:30:00Z,False,13,11,False,2,,
18,2026-12-30T20:15:00Z,False,14,2,False,3,,
18,2026-12-29T20:15:00Z,False,15,9,False,3,,
18,2026-12-30T19:30:00Z,False,16,20,True,3,,
18,2026-12-30T19:30:00Z,False,17,18,True,3,,
18,2026-12-30T19:30:00Z,False,18,17,False,3,,
18,2026-12-29T19:30:00Z,False,19,5,True,3,,
18,2026-12-30T19:30:00Z,False,20,16,False,4,,
19,2027-01-02T15:00:00Z,False,1,12,True,2,,
19,2027-01-02T17:30:00Z,False,2,3,False,3,,
19,2027-01-02T17:30:00Z,False,3,2,True,3,,
19,2027-01-02T15:00:00Z,False,4,8,True,2,,
19,2027-01-02T12:30:00Z,False,5,16,True,4,,
19,2027-01-03T14:00:00Z,False,6,17,True,3,,
19,2027-01-02T15:00:00Z,False,7,14,False,4,,
19,2027-01-02T15:00:00Z,False,8,4,False,3,,
19,2027-01-01T20:00:00Z,False,9,13,False,3,,
19,2027-01-02T15:00:00Z,False,10,18,False,3,,
19,2027-01-02T15:00:00Z,False,11,20,False,3,,
19,2027-01-02T15:00:00Z,False,12,1,False,5,,
19,2027-01-01T20:00:00Z,False,13,9,True,3,,
19,2027-01-02T15:00:00Z,False,14,7,True,2,,
19,2027-01-03T16:30:00Z,False,15,19,True,2,,
19,2027-01-02T12:30:00Z,False,16,5,False,4,,
19,2027-01-03T14:00:00Z,False,17,6,False,4,,
19,2027-01-02T15:00:00Z,False,18,10,True,2,,
19,2027-01-03T16:30:00Z,False,19,15,False,5,,
19,2027-01-02T15:00:00Z,False,20,11,True,2,,
20,2027-01-05T19:30:00Z,False,1,4,True,3,,
20,2027-01-05T19:30:00Z,False,2,9,False,3,,
20,2027-01-05T19:30:00Z,False,3,5,False,4,,
20,2027-01-05T19:30:00Z,False,4,1,False,5,,
20,2027-01-05T19:30:00Z,False,5,3,True,3,,
20,2027-01-06T19:30:00Z,False,6,8,False,3,,
20,2027-01-06T19:30:00Z,False,7,12,False,2,,
20,2027-01-06T19:30:00Z,False,8,6,True,4,,
20,2027-01-05T19:30:00Z,False,9,2,True,3,,
20,2027-01-06T19:30:00Z,False,10,19,True,2,,
20,2027-01-05T19:30:00Z,False,11,18,False,3,,
20,2027-01-06T19:30:00Z,False,12,7,True,2,,
20,2027-01-06T20:15:00Z,False,13,15,True,4,,
20,2027-01-05T20:15:00Z,False,14,20,False,3,,
20,2027-01-06T20:15:00Z,False,15,13,False,3,,
20,2027-01-07T20:00:00Z,False,16,17,True,3,,
20,2027-01-07T20:00:00Z,False,17,16,False,4,,
20,2027-01-05T19:30:00Z,False,18,11,True,2,,
20,2027-01-06T19:30:00Z,False,19,10,False,3,,
20,2027-01-05T20:15:00Z,False,20,14,True,4,,
21,2027-01-16T15:00:00Z,False,1,11,False,2,,
21,2027-01-16T15:00:00Z,False,2,16,True,4,,
21,2027-01-16T15:00:00Z,False,3,12,True,2,,
21,2027-01-16T15:00:00Z,False,4,5,True,3,,
21,2027-01-16T15:00:00Z,False,5,4,False,3,,
21,2027-01-16T15:00:00Z,False,6,20,True,3,,
21,2027-01-16T15:00:00Z,False,7,9,True,3,,
21,2027-01-16T15:00:00Z,False,8,14,False,4,,
21,2027-01-16T15:00:00Z,False,9,7,False,2,,
21,2027-01-16T15:00:00Z,False,10,17,False,3,,
21,2027-01-16T15:00:00Z,False,11,1,True,4,,
21,2027-01-16T15:00:00Z,False,12,3,False,3,,
21,2027-01-16T15:00:00Z,False,13,19,False,3,,
21,2027-01-16T15:00:00Z,False,14,8,True,2,,
21,2027-01-16T15:00:00Z,False,15,18,True,3,,
21,2027-01-16T15:00:00Z,False,16,2,False,3,,
21,2027-01-16T15:00:00Z,False,17,10,True,2,,
21,2027-01-16T15:00:00Z,False,18,15,False,5,,
21,2027-01-16T15:00:00Z,False,19,13,True,3,,
21,2027-01-16T15:00:00Z,False,20,6,False,4,,
22,2027-01-23T15:00:00Z,False,1,17,True,3,,
22,2027-01-23T15:00:00Z,False,2,10,False,3,,
22,2027-01-23T15:00:00Z,False,3,18,False,3,,
22,2027-01-23T15:00:00Z,False,4,9,False,3,,
22,2027-01-23T15:00:00Z,False,5,15,True,4,,
22,2027-01-23T15:00:00Z,False,6,13,False,3,,
22,2027-01-23T15:00:00Z,False,7,20,False,3,,
22,2027-01-23T15:00:00Z,False,8,19,True,2,,
22,2027-01-23T15:00:00Z,False,9,4,True,3,,
22,2027-01-23T15:00:00Z,False,10,2,True,3,,
22,2027-01-23T15:00:00Z,False,11,12,False,2,,
22,2027-01-23T15:00:00Z,False,12,11,True,2,,
22,2027-01-23T15:00:00Z,False,13,6,True,4,,
22,2027-01-23T15:00:00Z,False,14,16,False,4,,
22,2027-01-23T15:00:00Z,False,15,5,False,4,,
22,2027-01-23T15:00:00Z,False,16,14,True,4,,
22,2027-01-23T15:00:00Z,False,17,1,False,5,,
22,2027-01-23T15:00:00Z,False,18,3,True,3,,
22,2027-01-23T15:00:00Z,False,19,8,False,3,,
22,2027-01-23T15:00:00Z,False,20,7,True,2,,
23,2027-01-30T15:00:00Z,False,1,15,False,5,,
23,2027-01-30T15:00:00Z,False,2,12,True,2,,
23,2027-01-30T15:00:00Z,False,3,10,True,2,,
23,2027-01-30T15:00:00Z,False,4,16,True,4,,
23,2027-01-30T15:00:00Z,False,5,17,False,3,,
23,2027-01-30T15:00:00Z,False,6,18,True,3,,
23,2027-01-30T15:00:00Z,False,7,13,True,3,,
23,2027-01-30T15:00:00Z,False,8,11,False,2,,
23,2027-01-30T15:00:00Z,False,9,14,False,4,,
23,2027-01-30T15:00:00Z,False,10,3,False,3,,
23,2027-01-30T15:00:00Z,False,11,8,True,2,,
23,2027-01-30T15:00:00Z,False,12,2,False,3,,
23,2027-01-30T15:00:00Z,False,13,7,False,2,,
23,2027-01-30T15:00:00Z,False,14,9,True,3,,
23,2027-01-30T15:00:00Z,False,15,1,True,4,,
23,2027-01-30T15:00:00Z,False,16,4,False,3,,
23,2027-01-30T15:00:00Z,False,17,5,True,3,,
23,2027-01-30T15:00:00Z,False,18,6,False,4,,
23,2027-01-30T15:00:00Z,False,19,20,True,3,,
23,2027-01-30T15:00:00Z,False,20,19,False,3,,
24,2027-02-06T15:00:00Z,False,1,14,True,4,,
24,2027-02-06T15:00:00Z,False,2,20,False,3,,
24,2027-02-06T15:00:00Z,False,3,13,False,3,,
24,2027-02-06T15:00:00Z,False,4,18,False,3,,
24,2027-02-06T15:00:00Z,False,5,11,True,2,,
24,2027-02-06T15:00:00Z,False,6,16,False,4,,
24,2027-02-06T15:00:00Z,False,7,8,False,3,,
24,2027-02-06T15:00:00Z,False,8,7,True,2,,
24,2027-02-06T15:00:00Z,False,9,17,True,3,,
24,2027-02-06T15:00:00Z,False,10,15,True,4,,
24,2027-02-06T15:00:00Z,False,11,5,False,4,,
24,2027-02-06T15:00:00Z,False,12,19,True,2,,
24,2027-02-06T15:00:00Z,False,13,3,True,3,,
24,2027-02-06T15:00:00Z,False,14,1,False,5,,
24,2027-02-06T15:00:00Z,False,15,10,False,3,,
24,2027-02-06T15:00:00Z,False,16,6,True,4,,
24,2027-02-06T15:00:00Z,False,17,9,False,3,,
24,2027-02-06T15:00:00Z,False,18,4,True,3,,
24,2027-02-06T15:00:00Z,False,19,12,False,2,,
24,2027-02-06T15:00:00Z,False,20,2,True,3,,
25,2027-02-10T20:00:00Z,False,1,12,False,2,,
25,2027-02-10T20:00:00Z,False,2,3,True,3,,
25,2027-02-10T20:00:00Z,False,3,2,False,3,,
25,2027-02-10T20:00:00Z,False,4,8,False,3,,
25,2027-02-10T20:00:00Z,False,5,16,False,4,,
25,2027-02-10T20:00:00Z,False,6,17,False,3,,
25,2027-02-10T20:00:00Z,False,7,14,True,4,,
25,2027-02-10T20:00:00Z,False,8,4,True,3,,
25,2027-02-10T20:00:00Z,False,9,13,True,3,,
25,2027-02-10T20:00:00Z,False,10,18,True,3,,
25,2027-02-10T20:00:00Z,False,11,20,True,3,,
25,2027-02-10T20:00:00Z,False,12,1,True,4,,
25,2027-02-10T20:00:00Z,False,13,9,False,3,,
25,2027-02-10T20:00:00Z,False,14,7,False,2,,
25,2027-02-10T20:00:00Z,False,15,19,False,3,,
25,2027-02-10T20:00:00Z,False,16,5,True,3,,
25,2027-02-10T20:00:00Z,False,17,6,True,4,,
25,2027-02-10T20:00:00Z,False,18,10,False,3,,
25,2027-02-10T20:00:00Z,False,19,15,True,4,,
25,2027-02-10T20:00:00Z,False,20,11,False,2,,
26,2027-02-20T15:00:00Z,False,1,10,True,2,,
26,2027-02-20T15:00:00Z,False,2,13,False,3,,
26,2027-02-20T15:00:00Z,False,3,8,True,2,,
26,2027-02-20T15:00:00Z,False,4,7,True,2,,
26,2027-02-20T15:00:00Z,False,5,19,True,2,,
26,2027-02-20T15:00:00Z,False,6,12,True,2,,
26,2027-02-20T15:00:00Z,False,7,4,False,3,,
26,2027-02-20T15:00:00Z,False,8,3,False,3,,
26,2027-02-20T15:00:00Z,False,9,20,False,3,,
26,2027-02-20T15:00:00Z,False,10,1,False,5,,
26,2027-02-20T15:00:00Z,False,11,14,False,4,,
26,2027-02-20T15:00:00Z,False,12,6,False,4,,
26,2027-02-20T15:00:00Z,False,13,2,True,3,,
26,2027-02-20T15:00:00Z,False,14,11,True,2,,
26,2027-02-20T15:00:00Z,False,15,17,True,3,,
26,2027-02-20T15:00:00Z,False,16,18,False,3,,
26,2027-02-20T15:00:00Z,False,17,15,False,5,,
26,2027-02-20T15:00:00Z,False,18,16,True,4,,
26,2027-02-20T15:00:00Z,False,19,5,False,4,,
26,2027-02-20T15:00:00Z,False,20,9,True,3,,
27,2027-02-27T15:00:00Z,False,1,16,False,4,,
27,2027-02-27T15:00:00Z,False,2,6,True,4,,
27,2027-02-27T15:00:00Z,False,3,7,False,2,,
27,2027-02-27T15:00:00Z,False,4,17,False,3,,
27,2027-02-27T15:00:00Z,False,5,12,False,2,,
27,2027-02-27T15:00:00Z,False,6,2,False,3,,
27,2027-02-27T15:00:00Z,False,7,3,True,3,,
27,2027-02-27T15:00:00Z,False,8,20,True,3,,
27,2027-02-27T15:00:00Z,False,9,18,True,3,,
27,2027-02-27T15:00:00Z,False,10,13,True,3,,
27,2027-02-27T15:00:00Z,False,11,15,True,4,,
27,2027-02-27T15:00:00Z,False,12,5,True,3,,
27,2027-02-27T15:00:00Z,False,13,10,False,3,,
27,2027-02-27T15:00:00Z,False,14,19,False,3,,
27,2027-02-27T15:00:00Z,False,15,11,False,2,,
27,2027-02-27T15:00:00Z,False,16,1,True,4,,
27,2027-02-27T15:00:00Z,False,17,4,True,3,,
27,2027-02-27T15:00:00Z,False,18,9,False,3,,
27,2027-02-27T15:00:00Z,False,19,14,True,4,,
27,2027-02-27T15:00:00Z,False,20,8,False,3,,
28,2027-03-03T20:00:00Z,False,1,8,True,2,,
28,2027-03-03T20:00:00Z,False,2,14,False,4,,
28,2027-03-03T20:00:00Z,False,3,19,True,2,,
28,2027-03-03T20:00:00Z,False,4,12,True,2,,
28,2027-03-03T20:00:00Z,False,5,10,True,2,,
28,2027-03-03T20:00:00Z,False,6,7,True,2,,
28,2027-03-03T20:00:00Z,False,7,6,False,4,,
28,2027-03-03T20:00:00Z,False,8,1,False,5,,
28,2027-03-03T20:00:00Z,False,9,15,False,5,,
28,2027-03-03T20:00:00Z,False,10,5,False,4,,
28,2027-03-03T20:00:00Z,False,11,13,False,3,,
28,2027-03-03T20:00:00Z,False,12,4,False,3,,
28,2027-03-03T20:00:00Z,False,13,11,True,2,,
28,2027-03-03T20:00:00Z,False,14,2,True,3,,
28,2027-03-03T20:00:00Z,False,15,9,True,3,,
28,2027-03-03T20:00:00Z,False,16,20,False,3,,
28,2027-03-03T20:00:00Z,False,17,18,False,3,,
28,2027-03-03T20:00:00Z,False,18,17,True,3,,
28,2027-03-03T20:00:00Z,False,19,3,False,3,,
28,2027-03-03T20:00:00Z,False,20,16,True,4,,
29,2027-03-13T15:00:00Z,False,1,6,False,4,,
29,2027-03-13T15:00:00Z,False,2,11,True,2,,
29,2027-03-13T15:00:00Z,False,3,17,True,3,,
29,2027-03-13T15:00:00Z,False,4,20,False,3,,
29,2027-03-13T15:00:00Z,False,5,13,False,3,,
29,2027-03-13T15:00:00Z,False,6,1,True,4,,
29,2027-03-13T15:00:00Z,False,7,15,True,4,,
29,2027-03-13T15:00:00Z,False,8,10,True,2,,
29,2027-03-13T15:00:00Z,False,9,16,False,4,,
29,2027-03-13T15:00:00Z,False,10,8,False,3,,
29,2027-03-13T15:00:00Z,False,11,2,False,3,,
29,2027-03-13T15:00:00Z,False,12,14,False,4,,
29,2027-03-13T15:00:00Z,False,13,5,True,3,,
29,2027-03-13T15:00:00Z,False,14,12,True,2,,
29,2027-03-13T15:00:00Z,False,15,7,False,2,,
29,2027-03-13T15:00:00Z,False,16,9,True,3,,
29,2027-03-13T15:00:00Z,False,17,3,False,3,,
29,2027-03-13T15:00:00Z,False,18,19,False,3,,
29,2027-03-13T15:00:00Z,False,19,18,True,3,,
29,2027-03-13T15:00:00Z,False,20,4,True,3,,
30,2027-03-20T15:00:00Z,False,1,20,True,3,,
30,2027-03-20T15:00:00Z,False,2,18,False,3,,
30,2027-03-20T15:00:00Z,False,3,4,False,3,,
30,2027-03-20T15:00:00Z,False,4,3,True,3,,
30,2027-03-20T15:00:00Z,False,5,7,True,2,,
30,2027-03-20T15:00:00Z,False,6,11,False,2,,
30,2027-03-20T15:00:00Z,False,7,5,False,4,,
30,2027-03-20T15:00:00Z,False,8,12,False,2,,
30,2027-03-20T15:00:00Z,False,9,19,True,2,,
30,2027-03-20T15:00:00Z,False,10,14,True,4,,
30,2027-03-20T15:00:00Z,False,11,6,True,4,,
30,2027-03-20T15:00:00Z,False,12,8,True,2,,
30,2027-03-20T15:00:00Z,False,13,17,False,3,,
30,2027-03-20T15:00:00Z,False,14,10,False,3,,
30,2027-03-20T15:00:00Z,False,15,16,True,4,,
30,2027-03-20T15:00:00Z,False,16,15,False,5,,
30,2027-03-20T15:00:00Z,False,17,13,True,3,,
30,2027-03-20T15:00:00Z,False,18,2,True,3,,
30,2027-03-20T15:00:00Z,False,19,9,False,3,,
30,2027-03-20T15:00:00Z,False,20,1,False,5,,
31,2027-04-10T14:00:00Z,False,1,7,False,2,,
31,2027-04-10T14:00:00Z,False,2,5,True,3,,
31,2027-04-10T14:00:00Z,False,3,15,True,4,,
31,2027-04-10T14:00:00Z,False,4,19,False,3,,
31,2027-04-10T14:00:00Z,False,5,2,False,3,,
31,2027-04-10T14:00:00Z,False,6,10,True,2,,
31,2027-04-10T14:00:00Z,False,7,1,True,4,,
31,2027-04-10T14:00:00Z,False,8,9,True,3,,
31,2027-04-10T14:00:00Z,False,9,8,False,3,,
31,2027-04-10T14:00:00Z,False,10,6,False,4,,
31,2027-04-10T14:00:00Z,False,11,16,False,4,,
31,2027-04-10T14:00:00Z,False,12,20,False,3,,
31,2027-04-10T14:00:00Z,False,13,18,True,3,,
31,2027-04-10T14:00:00Z,False,14,17,True,3,,
31,2027-04-10T14:00:00Z,False,15,3,False,3,,
31,2027-04-10T14:00:00Z,False,16,11,True,2,,
31,2027-04-10T14:00:00Z,False,17,14,False,4,,
31,2027-04-10T14:00:00Z,False,18,13,False,3,,
31,2027-04-10T14:00:00Z,False,19,4,True,3,,
31,2027-04-10T14:00:00Z,False,20,12,True,2,,
32,2027-04-17T14:00:00Z,False,1,2,True,3,,
32,2027-04-17T14:00:00Z,False,2,1,False,5,,
32,2027-04-17T14:00:00Z,False,3,9,False,3,,
32,2027-04-17T14:00:00Z,False,4,13,True,3,,
32,2027-04-17T14:00:00Z,False,5,6,True,4,,
32,2027-04-17T14:00:00Z,False,6,5,False,4,,
32,2027-04-17T14:00:00Z,False,7,11,False,2,,
32,2027-04-17T14:00:00Z,False,8,15,False,5,,
32,2027-04-17T14:00:00Z,False,9,3,True,3,,
32,2027-04-17T14:00:00Z,False,10,20,True,3,,
32,2027-04-17T14:00:00Z,False,11,7,True,2,,
32,2027-04-17T14:00:00Z,False,12,16,True,4,,
32,2027-04-17T14:00:00Z,False,13,4,False,3,,
32,2027-04-17T14:00:00Z,False,14,18,False,3,,
32,2027-04-17T14:00:00Z,False,15,8,True,2,,
32,2027-04-17T14:00:00Z,False,16,12,False,2,,
32,2027-04-17T14:00:00Z,False,17,19,True,2,,
32,2027-04-17T14:00:00Z,False,18,14,True,4,,
32,2027-04-17T14:00:00Z,False,19,17,False,3,,
32,2027-04-17T14:00:00Z,False,20,10,False,3,,
33,2027-04-24T14:00:00Z,False,1,3,False,3,,
33,2027-04-24T14:00:00Z,False,2,7,True,2,,
33,2027-04-24T14:00:00Z,False,3,1,True,4,,
33,2027-04-24T14:00:00Z,False,4,10,True,2,,
33,2027-04-24T14:00:00Z,False,5,9,False,3,,
33,2027-04-24T14:00:00Z,False,6,15,True,4,,
33,2027-04-24T14:00:00Z,False,7,2,False,3,,
33,2027-04-24T14:00:00Z,False,8,16,False,4,,
33,2027-04-24T14:00:00Z,False,9,5,True,3,,
33,2027-04-24T14:00:00Z,False,10,4,False,3,,
33,2027-04-24T14:00:00Z,False,11,19,False,3,,
33,2027-04-24T14:00:00Z,False,12,17,False,3,,
33,2027-04-24T14:00:00Z,False,13,14,True,4,,
33,2027-04-24T14:00:00Z,False,14,13,False,3,,
33,2027-04-24T14:00:00Z,False,15,6,False,4,,
33,2027-04-24T14:00:00Z,False,16,8,True,2,,
33,2027-04-24T14:00:00Z,False,17,12,True,2,,
33,2027-04-24T14:00:00Z,False,18,20,True,3,,
33,2027-04-24T14:00:00Z,False,19,11,True,2,,
33,2027-04-24T14:00:00Z,False,20,18,False,3,,
34,2027-05-01T14:00:00Z,False,1,19,True,2,,
34,2027-05-01T14:00:00Z,False,2,8,False,3,,
34,2027-05-01T14:00:00Z,False,3,11,False,2,,
34,2027-05-01T14:00:00Z,False,4,15,False,5,,
34,2027-05-01T14:00:00Z,False,5,18,True,3,,
34,2027-05-01T14:00:00Z,False,6,14,False,4,,
34,2027-05-01T14:00:00Z,False,7,16,True,4,,
34,2027-05-01T14:00:00Z,False,8,2,True,3,,
34,2027-05-01T14:00:00Z,False,9,10,False,3,,
34,2027-05-01T14:00:00Z,False,10,9,True,3,,
34,2027-05-01T14:00:00Z,False,11,3,True,3,,
34,2027-05-01T14:00:00Z,False,12,13,True,3,,
34,2027-05-01T14:00:00Z,False,13,12,False,2,,
34,2027-05-01T14:00:00Z,False,14,6,True,4,,
34,2027-05-01T14:00:00Z,False,15,4,True,3,,
34,2027-05-01T14:00:00Z,False,16,7,False,2,,
34,2027-05-01T14:00:00Z,False,17,20,False,3,,
34,2027-05-01T14:00:00Z,False,18,5,False,4,,
34,2027-05-01T14:00:00Z,False,19,1,False,5,,
34,2027-05-01T14:00:00Z,False,20,17,True,3,,
35,2027-05-08T14:00:00Z,False,1,13,False,3,,
35,2027-05-08T14:00:00Z,False,2,4,False,3,,
35,2027-05-08T14:00:00Z,False,3,16,True,4,,
35,2027-05-08T14:00:00Z,False,4,2,True,3,,
35,2027-05-08T14:00:00Z,False,5,20,True,3,,
35,2027-05-08T14:00:00Z,False,6,19,False,3,,
35,2027-05-08T14:00:00Z,False,7,17,False,3,,
35,2027-05-08T14:00:00Z,False,8,18,False,3,,
35,2027-05-08T14:00:00Z,False,9,11,True,2,,
35,2027-05-08T14:00:00Z,False,10,12,True,2,,
35,2027-05-08T14:00:00Z,False,11,9,False,3,,
35,2027-05-08T14:00:00Z,False,12,10,False,3,,
35,2027-05-08T14:00:00Z,False,13,1,True,4,,
35,2027-05-08T14:00:00Z,False,14,15,False,5,,
35,2027-05-08T14:00:00Z,False,15,14,True,4,,
35,2027-05-08T14:00:00Z,False,16,3,False,3,,
35,2027-05-08T14:00:00Z,False,17,7,True,2,,
35,2027-05-08T14:00:00Z,False,18,8,True,2,,
35,2027-05-08T14:00:00Z,False,19,6,True,4,,
35,2027-05-08T14:00:00Z,False,20,5,False,4,,
36,2027-05-15T14:00:00Z,False,1,18,True,3,,
36,2027-05-15T14:00:00Z,False,2,17,True,3,,
36,2027-05-15T14:00:00Z,False,3,20,False,3,,
36,2027-05-15T14:00:00Z,False,4,14,False,4,,
36,2027-05-15T14:00:00Z,False,5,8,False,3,,
36,2027-05-15T14:00:00Z,False,6,9,True,3,,
36,2027-05-15T14:00:00Z,False,7,19,True,2,,
36,2027-05-15T14:00:00Z,False,8,5,True,3,,
36,2027-05-15T14:00:00Z,False,9,6,False,4,,
36,2027-05-15T14:00:00Z,False,10,11,False,2,,
36,2027-05-15T14:00:00Z,False,11,10,True,2,,
36,2027-05-15T14:00:00Z,False,12,15,True,4,,
36,2027-05-15T14:00:00Z,False,13,16,False,4,,
36,2027-05-15T14:00:00Z,False,14,4,True,3,,
36,2027-05-15T14:00:00Z,False,15,12,False,2,,
36,2027-05-15T14:00:00Z,False,16,13,True,3,,
36,2027-05-15T14:00:00Z,False,17,2,False,3,,
36,2027-05-15T14:00:00Z,False,18,1,False,5,,
36,2027-05-15T14:00:00Z,False,19,7,False,2,,
36,2027-05-15T14:00:00Z,False,20,3,True,3,,
37,2027-05-23T14:00:00Z,False,1,9,False,3,,
37,2027-05-23T14:00:00Z,False,2,15,False,5,,
37,2027-05-23T14:00:00Z,False,3,6,True,4,,
37,2027-05-23T14:00:00Z,False,4,11,True,2,,
37,2027-05-23T14:00:00Z,False,5,14,True,4,,
37,2027-05-23T14:00:00Z,False,6,3,False,3,,
37,2027-05-23T14:00:00Z,False,7,10,False,3,,
37,2027-05-23T14:00:00Z,False,8,17,False,3,,
37,2027-05-23T14:00:00Z,False,9,1,True,4,,
37,2027-05-23T14:00:00Z,False,10,7,True,2,,
37,2027-05-23T14:00:00Z,False,11,4,False,3,,
37,2027-05-23T14:00:00Z,False,12,18,False,3,,
37,2027-05-23T14:00:00Z,False,13,20,True,3,,
37,2027-05-23T14:00:00Z,False,14,5,False,4,,
37,2027-05-23T14:00:00Z,False,15,2,True,3,,
37,2027-05-23T14:00:00Z,False,16,19,False,3,,
37,2027-05-23T14:00:00Z,False,17,8,True,2,,
37,2027-05-23T14:00:00Z,False,18,12,True,2,,
37,2027-05-23T14:00:00Z,False,19,16,True,4,,
37,2027-05-23T14:00:00Z,False,20,13,False,3,,
38,2027-05-30T15:00:00Z,False,1,5,True,3,,
38,2027-05-30T15:00:00Z,False,2,19,True,2,,
38,2027-05-30T15:00:00Z,False,3,14,False,4,,
38,2027-05-30T15:00:00Z,False,4,6,False,4,,
38,2027-05-30T15:00:00Z,False,5,1,False,5,,
38,2027-05-30T15:00:00Z,False,6,4,True,3,,
38,2027-05-30T15:00:00Z,False,7,18,True,3,,
38,2027-05-30T15:00:00Z,False,8,13,True,3,,
38,2027-05-30T15:00:00Z,False,9,12,False,2,,
38,2027-05-30T15:00:00Z,False,10,16,False,4,,
38,2027-05-30T15:00:00Z,False,11,17,True,3,,
38,2027-05-30T15:00:00Z,False,12,9,True,3,,
38,2027-05-30T15:00:00Z,False,13,8,False,3,,
38,2027-05-30T15:00:00Z,False,14,3,True,3,,
38,2027-05-30T15:00:00Z,False,15,20,False,3,,
38,2027-05-30T15:00:00Z,False,16,10,True,2,,
38,2027-05-30T15:00:00Z,False,17,11,False,2,,
38,2027-05-30T15:00:00Z,False,18,7,False,2,,
38,2027-05-30T15:00:00Z,False,19,2,False,3,,
38,2027-05-30T15:00:00Z,False,20,15,True,4,,
